dt,LandAverageTemperature,LandMaxTemperature,LandMinTemperature,LandAndOceanAverageTemperature,,,,
1869-01-01,2.115,8.206,-3.173,13.289,,,,
1869-02-01,3.864,9.618,-2.406,13.951,,1869-1878,8.303591667,20.733
1869-03-01,4.374,11.012,-1.312,13.947,,1879-1888,8.031458333,20.457
1869-04-01,7.921,13.787,1.297,15.016,,1889-1898,8.142683333,20.315
1869-05-01,11.295,17.279,4.382,15.896,,1899-1908,8.279283333,20.34
1869-06-01,13.537,18.871,7.196,16.396,,1909-1918,8.26045,20.553
1869-07-01,14.337,19.825,7.732,16.667,,1919-1928,8.50665,20.42
1869-08-01,14.01,19.663,7.948,16.711,,1929-1938,8.589883333,20.443
1869-09-01,12.247,17.561,5.377,16.18,,1939-1948,8.742775,20.578
1869-10-01,9.006,14.063,1.968,15.171,,1949-1958,8.606241667,20.416
1869-11-01,5.773,10.418,-0.509,14.255,,1959-1968,8.646883333,20.392
1869-12-01,2.706,8.531,-2.519,13.307,,1969-1978,8.644566667,20.327
1870-01-01,2.082,8.527,-3.307,13.304,,1979-1988,8.892633333,20.667
1870-02-01,2.134,8.544,-3.527,13.359,,1989-1998,9.118875,20.972
1870-03-01,4.656,9.692,-1.419,14.139,,1999-2008,9.471875,21.199
1870-04-01,7.879,14.287,1.57,15.052,,2009-2012,9.557916667,21.32
1870-05-01,11.339,18.068,5.33,15.826,,,,
1870-06-01,13.653,19.531,7.793,16.511,,,,
1870-07-01,14.599,20.29,8.851,16.86,,,,
1870-08-01,13.484,19.318,7.974,16.617,,,,
1870-09-01,11.952,17.017,5.456,16.073,,,,
1870-10-01,8.81,14.188,2.848,15.056,,,,
1870-11-01,5.6,12.574,0.629,14.079,,,,
1870-12-01,2.228,8.485,-3.1,13.176,,,,
1871-01-01,1.447,7.962,-2.937,13.089,,,,
1871-02-01,1.736,8.782,-3.061,13.299,,,,
1871-03-01,4.685,11.047,-1.75,14.223,,,,
1871-04-01,8.34,13.97,1.89,15.233,,,,
1871-05-01,10.788,16.627,4.525,15.77,,,,
1871-06-01,13.08,19.127,7.47,16.458,,,,
1871-07-01,14.29,19.837,7.927,16.858,,,,
1871-08-01,13.932,19.812,7.898,16.653,,,,
1871-09-01,11.711,17.394,5.037,16.02,,,,
1871-10-01,9.096,14.697,2.891,15.061,,,,
1871-11-01,5.113,10.639,-0.317,13.972,,,,
1871-12-01,3.163,7.912,-3.677,13.435,,,,
1872-01-01,1.652,8.228,-3.228,13.041,,,,
1872-02-01,2.35,8.953,-3.26,13.376,,,,
1872-03-01,4.922,11.159,-2.156,14.107,,,,
1872-04-01,7.846,14.041,1.464,14.969,,,,
1872-05-01,11.198,17.369,5.046,15.927,,,,
1872-06-01,13.055,19.299,7.564,16.361,,,,
1872-07-01,14.285,19.705,7.884,16.843,,,,
1872-08-01,13.821,19.415,7.451,16.822,,,,
1872-09-01,11.958,17.718,5.938,16.173,,,,
1872-10-01,9.24,15.715,3.025,15.181,,,,
1872-11-01,5.372,11.293,-0.061,14.101,,,,
1872-12-01,2.627,8.526,-3.418,13.331,,,,
1873-01-01,2.013,8.285,-3.44,13.353,,,,
1873-02-01,3.195,8.591,-3.719,13.707,,,,
1873-03-01,4.704,11.105,-1.761,14.151,,,,
1873-04-01,7.462,13.983,1.069,14.879,,,,
1873-05-01,11.006,16.765,4.202,15.821,,,,
1873-06-01,13.405,19.006,6.783,16.429,,,,
1873-07-01,14.287,19.974,8.024,16.805,,,,
1873-08-01,13.755,19.241,7.447,16.726,,,,
1873-09-01,11.487,16.979,5.298,15.965,,,,
1873-10-01,9.234,14.431,2.386,15.13,,,,
1873-11-01,5.819,10.914,-0.812,14.094,,,,
1873-12-01,3.846,8.848,-2.628,13.531,,,,
1874-01-01,2.685,7.383,-3.764,13.392,,,,
1874-02-01,3.069,7.962,-3.23,13.458,,,,
1874-03-01,4.221,8.948,-1.942,13.807,,,,
1874-04-01,8.231,13.237,1.005,14.91,,,,
1874-05-01,11.306,16.969,4.667,15.75,,,,
1874-06-01,13.306,19.062,6.857,16.211,,,,
1874-07-01,14.122,19.82,7.488,16.745,,,,
1874-08-01,13.815,19.618,7.229,16.645,,,,
1874-09-01,12.111,17.704,5.632,16.122,,,,
1874-10-01,9.12,15.841,3.025,15.005,,,,
1874-11-01,5.809,10.563,-0.549,14.013,,,,
1874-12-01,3.407,9.495,-1.678,13.426,,,,
1875-01-01,1.533,6.679,-4.717,13.027,,,,
1875-02-01,2.259,7.522,-4.365,13.35,,,,
1875-03-01,4.256,10.673,-2.207,13.974,,,,
1875-04-01,7.636,13.759,1.174,14.923,,,,
1875-05-01,10.746,17.509,4.163,15.792,,,,
1875-06-01,13.157,19.603,6.497,16.358,,,,
1875-07-01,14.144,20.534,7.873,16.683,,,,
1875-08-01,13.401,20.053,7.327,16.638,,,,
1875-09-01,11.319,17.713,5.173,16.059,,,,
1875-10-01,8.585,14.754,2.205,15.125,,,,
1875-11-01,4.614,10.56,-1.351,13.905,,,,
1875-12-01,2.665,8.742,-2.402,13.229,,,,
1876-01-01,1.856,7.327,-3.325,13.1,,,,
1876-02-01,2.617,8.895,-3.095,13.496,,,,
1876-03-01,4.748,10.247,-1.711,14.047,,,,
1876-04-01,8.199,14.188,1.814,14.95,,,,
1876-05-01,10.69,16.783,4.728,15.57,,,,
1876-06-01,13.131,18.888,6.77,16.29,,,,
1876-07-01,14.319,19.855,7.891,16.848,,,,
1876-08-01,13.481,19.665,7.55,16.579,,,,
1876-09-01,11.687,17.667,5.687,15.89,,,,
1876-10-01,8.946,14.4,2.766,15.047,,,,
1876-11-01,5.093,10.498,-0.653,13.903,,,,
1876-12-01,2.194,8.805,-2.806,13.193,,,,
1877-01-01,2.286,8.079,-3.162,13.306,,,,
1877-02-01,2.928,9.755,-2.357,13.732,,,,
1877-03-01,5.297,10.782,-1.478,14.459,,,,
1877-04-01,8.039,13.827,2.032,15.126,,,,
1877-05-01,11.056,16.802,5.022,15.854,,,,
1877-06-01,13.384,19.257,6.875,16.594,,,,
1877-07-01,14.642,20.733,8.18,17.004,,,,
1877-08-01,14.151,20.643,7.786,17.076,,,,
1877-09-01,12.075,17.931,5.967,16.437,,,,
1877-10-01,9.273,14.324,2.704,15.536,,,,
1877-11-01,6.348,11.54,0.789,14.564,,,,
1877-12-01,2.996,9.491,-0.575,13.704,,,,
1878-01-01,2.017,8.278,-3.083,13.538,,,,
1878-02-01,3.728,9.483,-1.714,14.177,,,,
1878-03-01,6.608,12.343,0.361,14.882,,,,
1878-04-01,8.899,15.041,2.963,15.573,,,,
1878-05-01,11.017,16.946,5.09,16.016,,,,
1878-06-01,13.796,19.356,7.461,16.711,,,,
1878-07-01,14.742,20.299,8.582,16.999,,,,
1878-08-01,14.094,20.308,8.074,16.905,,,,
1878-09-01,12.093,17.827,6.1,16.267,,,,
1878-10-01,9.173,15.255,3.506,15.307,,,,
1878-11-01,6.446,12.502,0.686,14.388,,,,
1878-12-01,3.344,9.268,-2.246,13.526,,,,
1879-01-01,2.303,8.558,-3.311,13.349,,,,
1879-02-01,2.737,8.69,-3.081,13.63,,,,
1879-03-01,4.924,10.686,-1.389,14.34,,,,
1879-04-01,7.768,14.201,1.986,14.987,,,,
1879-05-01,10.803,16.752,4.536,15.807,,,,
1879-06-01,13.23,19.022,7.018,16.501,,,,
1879-07-01,14.238,19.637,7.64,16.746,,,,
1879-08-01,13.245,19.125,7.29,16.635,,,,
1879-09-01,11.449,17.652,5.542,16.007,,,,
1879-10-01,9.229,14.744,2.747,15.25,,,,
1879-11-01,5.526,11.549,-0.5,14.203,,,,
1879-12-01,2.538,8.173,-3.531,13.318,,,,
1880-01-01,1.755,7.883,-3.37,13.129,,,,
1880-02-01,2.052,7.957,-3.767,13.407,,,,
1880-03-01,4.63,10.655,-1.814,14.273,,,,
1880-04-01,7.559,14.082,1.298,15.008,,,,
1880-05-01,11.096,16.917,4.877,15.85,,,,
1880-06-01,13.327,19.29,6.597,16.4,,,,
1880-07-01,14.141,20.037,7.852,16.687,,,,
1880-08-01,13.807,19.502,7.555,16.695,,,,
1880-09-01,11.386,17.558,5.84,15.918,,,,
1880-10-01,8.673,14.567,2.896,15.024,,,,
1880-11-01,5.893,10.826,-0.654,14.233,,,,
1880-12-01,3.106,7.687,-2.657,13.48,,,,
1881-01-01,2.461,7.344,-3.687,13.396,,,,
1881-02-01,2.626,8.594,-2.813,13.625,,,,
1881-03-01,5.01,10.926,-1.131,14.355,,,,
1881-04-01,8.323,14.297,2.291,15.267,,,,
1881-05-01,11.165,17.283,5.263,15.999,,,,
1881-06-01,12.745,18.946,6.801,16.329,,,,
1881-07-01,14.203,20.295,8.334,16.783,,,,
1881-08-01,13.71,19.879,8.047,16.665,,,,
1881-09-01,11.689,17.43,5.876,15.982,,,,
1881-10-01,8.851,14.232,2.936,15.115,,,,
1881-11-01,5.272,10.781,-0.203,14.019,,,,
1881-12-01,3.196,8.598,-2.597,13.511,,,,
1882-01-01,2.99,8.392,-3.022,13.632,,,,
1882-02-01,3.231,8.754,-3.067,13.843,,,,
1882-03-01,5.04,10.794,-1.411,14.339,,,,
1882-04-01,7.691,13.713,1.752,15.031,,,,
1882-05-01,10.888,16.83,4.887,15.816,,,,
1882-06-01,12.805,18.941,7.032,16.356,,,,
1882-07-01,13.747,19.773,7.965,16.634,,,,
1882-08-01,13.703,19.832,7.836,16.678,,,,
1882-09-01,11.736,17.769,5.891,16.108,,,,
1882-10-01,8.445,14.596,2.784,15.022,,,,
1882-11-01,5.066,11.404,-0.581,14.033,,,,
1882-12-01,2.205,8.573,-2.795,13.187,,,,
1883-01-01,1.46,7.064,-4.519,13.106,,,,
1883-02-01,1.856,7.54,-4.303,13.358,,,,
1883-03-01,4.929,10.123,-2.094,14.236,,,,
1883-04-01,7.691,13.967,1.468,14.916,,,,
1883-05-01,10.832,16.898,4.793,15.825,,,,
1883-06-01,13.302,20.049,7.303,16.512,,,,
1883-07-01,14.011,20.457,7.719,16.664,,,,
1883-08-01,13.224,19.591,7.464,16.538,,,,
1883-09-01,11.343,17.663,5.299,15.956,,,,
1883-10-01,8.909,14.621,2.671,15.054,,,,
1883-11-01,4.905,10.987,-0.436,13.943,,,,
1883-12-01,3.261,8.587,-2.803,13.451,,,,
1884-01-01,2.12,7.567,-4.118,13.279,,,,
1884-02-01,2.474,8.292,-3.841,13.6,,,,
1884-03-01,3.892,10.552,-2.444,13.914,,,,
1884-04-01,7.186,13.58,0.699,14.744,,,,
1884-05-01,10.198,16.466,3.989,15.558,,,,
1884-06-01,12.527,18.787,6.362,16.185,,,,
1884-07-01,13.622,19.569,7.468,16.434,,,,
1884-08-01,13.257,19.318,7.251,16.408,,,,
1884-09-01,11.235,17.365,5.365,15.826,,,,
1884-10-01,8.581,14.304,2.587,14.954,,,,
1884-11-01,5.164,10.464,-0.991,13.827,,,,
1884-12-01,3.028,8.041,-2.554,13.27,,,,
1885-01-01,1.003,6.421,-4.621,12.889,,,,
1885-02-01,2.243,8.247,-3.438,13.327,,,,
1885-03-01,4.622,10.56,-2.023,14.021,,,,
1885-04-01,7.336,13.483,1.352,14.747,,,,
1885-05-01,10.567,16.704,4.202,15.565,,,,
1885-06-01,12.716,18.762,6.492,16.105,,,,
1885-07-01,13.972,20.205,7.628,16.601,,,,
1885-08-01,13.351,19.889,7.087,16.438,,,,
1885-09-01,11.435,17.317,5.28,15.907,,,,
1885-10-01,8.722,14.707,2.547,15.054,,,,
1885-11-01,5.425,11.488,-0.476,14.057,,,,
1885-12-01,3.644,9.156,-1.539,13.542,,,,
1886-01-01,1.436,7.023,-3.755,13.001,,,,
1886-02-01,1.793,8.015,-3.884,13.176,,,,
1886-03-01,4.262,10.568,-2.188,13.888,,,,
1886-04-01,7.909,14.085,1.367,14.841,,,,
1886-05-01,10.784,17.196,4.422,15.837,,,,
1886-06-01,12.789,19.145,6.56,16.197,,,,
1886-07-01,14.226,20.004,8.055,16.622,,,,
1886-08-01,13.323,19.344,7.449,16.458,,,,
1886-09-01,11.6,17.419,5.62,15.831,,,,
1886-10-01,8.604,14.735,2.58,14.979,,,,
1886-11-01,5.226,11.208,-0.71,13.877,,,,
1886-12-01,3.502,8.616,-1.862,13.316,,,,
1887-01-01,0.824,6.864,-4.678,12.62,,,,
1887-02-01,2.054,8.143,-4.047,13.096,,,,
1887-03-01,4.552,10.828,-1.901,13.946,,,,
1887-04-01,7.789,13.936,1.524,14.941,,,,
1887-05-01,10.84,17.337,4.569,15.651,,,,
1887-06-01,12.89,18.431,6.514,16.214,,,,
1887-07-01,14.021,19.899,8.199,16.63,,,,
1887-08-01,13.097,19.177,7.391,16.372,,,,
1887-09-01,11.707,17.392,5.701,15.916,,,,
1887-10-01,8.738,14.716,2.531,14.983,,,,
1887-11-01,5.592,11.66,-0.264,14.037,,,,
1887-12-01,2.875,8.298,-2.656,13.386,,,,
1888-01-01,1.708,6.686,-4.299,13.132,,,,
1888-02-01,2.039,7.898,-3.555,13.32,,,,
1888-03-01,4.3,10.491,-2.039,13.972,,,,
1888-04-01,7.845,13.884,1.66,14.938,,,,
1888-05-01,10.62,16.329,4.187,15.73,,,,
1888-06-01,12.921,18.897,6.476,16.36,,,,
1888-07-01,14.242,20.063,7.77,16.686,,,,
1888-08-01,13.511,19.36,7.288,16.611,,,,
1888-09-01,11.685,17.808,5.469,15.995,,,,
1888-10-01,9.201,14.783,2.951,15.318,,,,
1888-11-01,5.792,11.384,0.052,14.259,,,,
1888-12-01,3.222,9.327,-2.511,13.608,,,,
1889-01-01,1.762,7.377,-4.053,13.417,,,,
1889-02-01,3.409,8.814,-2.899,13.954,,,,
1889-03-01,5.299,11.628,-0.808,14.446,,,,
1889-04-01,8.589,14.392,2.502,15.305,,,,
1889-05-01,11.242,17.19,5.032,15.915,,,,
1889-06-01,13.288,19.314,7.196,16.498,,,,
1889-07-01,14.225,20.315,8.311,16.796,,,,
1889-08-01,13.504,19.732,7.615,16.604,,,,
1889-09-01,11.547,17.455,5.635,15.913,,,,
1889-10-01,8.865,14.902,2.608,15.116,,,,
1889-11-01,4.999,11.146,-0.567,13.996,,,,
1889-12-01,3.099,9.264,-2.395,13.401,,,,
1890-01-01,1.836,7.647,-4.24,13.068,,,,
1890-02-01,2.516,8.668,-3.764,13.394,,,,
1890-03-01,4.21,10.474,-2.171,13.891,,,,
1890-04-01,7.739,13.672,1.641,14.875,,,,
1890-05-01,10.464,16.865,3.943,15.624,,,,
1890-06-01,12.872,18.703,6.707,16.25,,,,
1890-07-01,14.034,19.718,7.857,16.528,,,,
1890-08-01,13.266,19.325,7.147,16.427,,,,
1890-09-01,11.546,17.266,5.494,15.842,,,,
1890-10-01,9.178,14.747,3.367,15.02,,,,
1890-11-01,5.03,11.451,-1.043,13.803,,,,
1890-12-01,2.969,8.611,-2.729,13.367,,,,
1891-01-01,1.678,7.589,-4.011,13.037,,,,
1891-02-01,1.88,8.122,-4.465,13.298,,,,
1891-03-01,4.755,10.629,-1.449,14.191,,,,
1891-04-01,7.618,13.979,1.182,14.918,,,,
1891-05-01,10.785,16.645,4.317,15.844,,,,
1891-06-01,12.888,18.588,6.635,16.297,,,,
1891-07-01,13.93,19.849,7.818,16.62,,,,
1891-08-01,13.496,19.472,7.29,16.549,,,,
1891-09-01,11.763,17.649,5.704,16.07,,,,
1891-10-01,8.722,15.042,2.764,15.023,,,,
1891-11-01,5.115,11.033,-0.781,13.92,,,,
1891-12-01,3.602,9.803,-2.138,13.559,,,,
1892-01-01,2.018,7.683,-3.93,13.264,,,,
1892-02-01,2.805,9.078,-3.253,13.667,,,,
1892-03-01,4.362,10.752,-1.931,13.979,,,,
1892-04-01,7.562,13.802,1.205,14.804,,,,
1892-05-01,10.622,16.578,4.426,15.655,,,,
1892-06-01,13.263,19.003,6.86,16.303,,,,
1892-07-01,13.89,19.82,7.917,16.476,,,,
1892-08-01,13.42,19.264,7.448,16.39,,,,
1892-09-01,11.764,17.858,5.552,15.998,,,,
1892-10-01,9.29,15.08,3.347,15.126,,,,
1892-11-01,4.859,10.432,-1.014,13.732,,,,
1892-12-01,2.935,8.297,-2.847,13.196,,,,
1893-01-01,0.5,5.9,-5.345,12.702,,,,
1893-02-01,1.654,7.616,-4.558,13.23,,,,
1893-03-01,4.979,11.066,-1.252,14.111,,,,
1893-04-01,7.994,13.697,1.582,14.871,,,,
1893-05-01,10.747,16.812,4.489,15.662,,,,
1893-06-01,13.051,18.981,6.781,16.382,,,,
1893-07-01,14.318,20.005,8.102,16.788,,,,
1893-08-01,13.454,19.448,7.322,16.65,,,,
1893-09-01,11.767,17.799,5.599,15.932,,,,
1893-10-01,9.16,15.185,3.099,15.152,,,,
1893-11-01,5.902,11.701,-0.143,14.079,,,,
1893-12-01,3.155,9.03,-2.79,13.388,,,,
1894-01-01,1.691,7.41,-4.039,13.039,,,,
1894-02-01,2.923,8.898,-3.028,13.455,,,,
1894-03-01,5.118,11.086,-1.093,14.08,,,,
1894-04-01,7.663,13.793,1.472,14.794,,,,
1894-05-01,10.944,16.929,4.611,15.656,,,,
1894-06-01,12.858,18.782,6.603,16.226,,,,
1894-07-01,14.004,19.851,7.788,16.687,,,,
1894-08-01,13.488,19.326,7.364,16.565,,,,
1894-09-01,11.58,17.425,5.503,15.927,,,,
1894-10-01,9.125,15.042,2.997,15.165,,,,
1894-11-01,5.405,11.187,-0.491,14.036,,,,
1894-12-01,3.133,8.757,-2.202,13.347,,,,
1895-01-01,1.295,6.961,-4.319,13.084,,,,
1895-02-01,2,8.18,-4.026,13.303,,,,
1895-03-01,4.689,10.838,-1.594,13.989,,,,
1895-04-01,8.247,14.509,1.915,15.005,,,,
1895-05-01,10.867,16.892,4.639,15.703,,,,
1895-06-01,13.058,19.059,6.905,16.352,,,,
1895-07-01,14.053,19.614,7.875,16.716,,,,
1895-08-01,13.489,19.471,7.167,16.612,,,,
1895-09-01,11.743,17.597,5.687,15.981,,,,
1895-10-01,9.117,15.159,2.878,15.151,,,,
1895-11-01,5.744,11.42,-0.011,14.219,,,,
1895-12-01,3.462,9.232,-2.206,13.513,,,,
1896-01-01,2.291,7.924,-3.408,13.366,,,,
1896-02-01,2.707,8.447,-3.367,13.576,,,,
1896-03-01,4.279,10.469,-1.868,14.047,,,,
1896-04-01,7.33,13.586,1.225,14.895,,,,
1896-05-01,10.893,17.01,4.626,15.817,,,,
1896-06-01,13.304,19.34,6.863,16.515,,,,
1896-07-01,14.233,19.886,8.087,16.866,,,,
1896-08-01,13.624,19.572,7.275,16.762,,,,
1896-09-01,11.824,17.727,5.561,16.143,,,,
1896-10-01,9.416,15.35,3.212,15.27,,,,
1896-11-01,5.366,11.173,-0.469,14.187,,,,
1896-12-01,3.312,8.811,-2.36,13.643,,,,
1897-01-01,1.893,7.412,-3.573,13.312,,,,
1897-02-01,2.429,8.148,-3.519,13.555,,,,
1897-03-01,4.345,10.442,-2.123,14.152,,,,
1897-04-01,8.278,14.293,1.74,15.217,,,,
1897-05-01,11.377,17.251,5.068,16.02,,,,
1897-06-01,13.319,19.445,7.226,16.505,,,,
1897-07-01,14.31,20.297,8.312,16.783,,,,
1897-08-01,13.668,19.753,7.592,16.676,,,,
1897-09-01,11.925,17.918,5.901,16.068,,,,
1897-10-01,9.197,15.166,3.279,15.168,,,,
1897-11-01,5.608,11.616,-0.197,14.047,,,,
1897-12-01,3.171,8.5,-2.177,13.401,,,,
1898-01-01,2.737,8.35,-2.885,13.396,,,,
1898-02-01,2.354,8.239,-3.651,13.364,,,,
1898-03-01,3.751,10.174,-2.657,13.749,,,,
1898-04-01,7.907,14.459,1.49,14.868,,,,
1898-05-01,10.835,17.056,4.498,15.621,,,,
1898-06-01,13.395,19.452,7.067,16.393,,,,
1898-07-01,14.138,20.145,8.039,16.627,,,,
1898-08-01,13.579,19.628,7.657,16.512,,,,
1898-09-01,11.753,17.702,5.902,15.914,,,,
1898-10-01,8.828,14.69,2.831,14.915,,,,
1898-11-01,5.452,11.444,-0.359,13.933,,,,
1898-12-01,3.407,9.443,-2.096,13.351,,,,
1899-01-01,2.515,8.443,-3.262,13.306,,,,
1899-02-01,2.38,8.17,-3.442,13.399,,,,
1899-03-01,4.618,10.635,-1.567,14.003,,,,
1899-04-01,8.281,14.438,2.074,15.026,,,,
1899-05-01,11.023,17.132,4.967,15.836,,,,
1899-06-01,12.856,18.799,6.872,16.243,,,,
1899-07-01,14.159,20.168,7.953,16.689,,,,
1899-08-01,13.777,19.598,7.646,16.746,,,,
1899-09-01,12.128,18.223,5.974,16.178,,,,
1899-10-01,9.409,15.317,3.551,15.287,,,,
1899-11-01,6.605,12.417,1.063,14.455,,,,
1899-12-01,3.005,8.639,-2.668,13.412,,,,
01-01-1900,1.461,7.193,-4.102,13.142,,,,
01-02-1900,3.098,9.181,-2.814,13.777,,,,
01-03-1900,5.492,11.377,-0.68,14.4,,,,
01-04-1900,8.223,13.972,2.131,15.17,,,,
01-05-1900,11.385,17.415,5.179,15.955,,,,
01-06-1900,13.293,19.434,7.112,16.515,,,,
01-07-1900,14.171,19.897,8.095,16.785,,,,
01-08-1900,13.816,19.85,7.892,16.699,,,,
01-09-1900,11.955,17.818,5.967,16.124,,,,
01-10-1900,9.666,15.544,3.833,15.373,,,,
01-11-1900,5.804,11.527,0.121,14.189,,,,
01-12-1900,3.655,9.466,-1.826,13.598,,,,
01-01-1901,2.191,7.996,-3.491,13.29,,,,
01-02-1901,3.092,9.038,-2.678,13.66,,,,
01-03-1901,5.671,11.476,-0.644,14.383,,,,
01-04-1901,8.522,14.733,2.264,15.22,,,,
01-05-1901,11.178,17.315,4.855,15.936,,,,
01-06-1901,13.423,19.315,7.151,16.441,,,,
01-07-1901,14.339,20.34,8.161,16.718,,,,
01-08-1901,13.789,19.898,7.66,16.663,,,,
01-09-1901,11.984,17.929,5.819,16.001,,,,
01-10-1901,9.003,15.002,2.998,15.087,,,,
01-11-1901,5.976,12.043,0.071,14.101,,,,
01-12-1901,3.335,9.061,-2.28,13.38,,,,
01-01-1902,2.684,8.797,-3.031,13.302,,,,
01-02-1902,3.606,9.814,-2.504,13.691,,,,
01-03-1902,4.883,11.166,-1.339,14.1,,,,
01-04-1902,7.956,13.884,1.562,14.958,,,,
01-05-1902,10.893,16.986,4.587,15.719,,,,
01-06-1902,13.214,19.338,6.894,16.284,,,,
01-07-1902,14.231,20.2,7.965,16.69,,,,
01-08-1902,13.599,19.884,7.449,16.591,,,,
01-09-1902,11.799,17.897,5.555,16.032,,,,
01-10-1902,8.801,14.811,2.759,14.991,,,,
01-11-1902,5.274,11.159,-0.46,13.902,,,,
01-12-1902,2.713,8.435,-2.992,13.24,,,,
01-01-1903,2.514,8.415,-3.187,13.275,,,,
01-02-1903,3.555,9.297,-2.49,13.668,,,,
01-03-1903,4.93,10.963,-1.158,14.05,,,,
01-04-1903,7.832,13.958,1.698,14.801,,,,
01-05-1903,10.794,16.672,4.587,15.645,,,,
01-06-1903,12.886,18.897,6.723,16.161,,,,
01-07-1903,13.992,19.787,7.87,16.496,,,,
01-08-1903,13.412,19.298,7.558,16.304,,,,
01-09-1903,11.501,17.356,5.642,15.771,,,,
01-10-1903,8.812,14.634,2.895,14.835,,,,
01-11-1903,5.516,11.219,-0.051,13.828,,,,
01-12-1903,2.898,8.533,-2.687,13.205,,,,
01-01-1904,1.637,7.082,-3.86,12.957,,,,
01-02-1904,2.297,8.507,-3.583,13.154,,,,
01-03-1904,4.506,10.559,-1.575,13.859,,,,
01-04-1904,7.684,13.823,1.428,14.755,,,,
01-05-1904,10.84,16.922,4.641,15.573,,,,
01-06-1904,13.014,19.092,6.778,16.207,,,,
01-07-1904,13.836,19.678,7.777,16.525,,,,
01-08-1904,13.459,19.525,7.462,16.403,,,,
01-09-1904,11.381,17.465,5.361,15.768,,,,
01-10-1904,8.833,14.902,3.133,14.947,,,,
01-11-1904,6.23,11.997,0.558,14.144,,,,
01-12-1904,3.374,9.212,-2.067,13.433,,,,
01-01-1905,2.254,8.017,-3.324,13.205,,,,
01-02-1905,1.927,7.735,-3.951,13.206,,,,
01-03-1905,4.635,10.466,-1.308,14.035,,,,
01-04-1905,7.755,13.622,1.493,14.857,,,,
01-05-1905,10.982,16.946,4.819,15.788,,,,
01-06-1905,13.112,19.11,6.944,16.379,,,,
01-07-1905,14.077,19.877,8.038,16.651,,,,
01-08-1905,13.578,19.619,7.72,16.558,,,,
01-09-1905,11.804,17.684,5.928,16.004,,,,
01-10-1905,9.041,14.866,3.117,15.091,,,,
01-11-1905,6.183,11.984,0.574,14.232,,,,
01-12-1905,3.354,9.06,-1.931,13.45,,,,
01-01-1906,2.068,8.086,-3.637,13.25,,,,
01-02-1906,2.301,8.125,-3.343,13.502,,,,
01-03-1906,4.866,11.008,-1.229,14.245,,,,
01-04-1906,8.626,14.786,2.422,15.23,,,,
01-05-1906,11.24,17.146,4.922,15.769,,,,
01-06-1906,13.334,19.287,7.275,16.436,,,,
01-07-1906,14.122,20.058,8.186,16.662,,,,
01-08-1906,13.691,19.539,7.843,16.593,,,,
01-09-1906,11.772,17.522,5.884,15.95,,,,
01-10-1906,9.267,14.943,3.479,15.152,,,,
01-11-1906,5.501,11.17,-0.301,14.054,,,,
01-12-1906,3.761,9.258,-1.664,13.54,,,,
01-01-1907,1.798,7.903,-3.867,13.108,,,,
01-02-1907,2.117,7.993,-3.603,13.257,,,,
01-03-1907,4.575,10.61,-1.6,14.15,,,,
01-04-1907,7.579,13.401,1.521,14.918,,,,
01-05-1907,10.375,16.335,4.084,15.602,,,,
01-06-1907,12.729,18.576,6.509,16.253,,,,
01-07-1907,13.769,19.626,7.761,16.596,,,,
01-08-1907,13.362,19.187,7.465,16.456,,,,
01-09-1907,11.665,17.443,5.59,15.902,,,,
01-10-1907,9.234,15.079,3.32,15.159,,,,
01-11-1907,5.207,10.71,-0.557,13.872,,,,
01-12-1907,2.956,8.831,-2.585,13.225,,,,
01-01-1908,2.304,8.118,-3.548,13.16,,,,
01-02-1908,2.769,8.527,-3.177,13.441,,,,
01-03-1908,4.136,10.384,-2.101,13.783,,,,
01-04-1908,7.832,13.853,1.735,14.801,,,,
01-05-1908,11.141,16.958,4.86,15.757,,,,
01-06-1908,13.293,19.063,6.902,16.289,,,,
01-07-1908,14.197,19.748,8.113,16.618,,,,
01-08-1908,13.376,19.359,7.499,16.365,,,,
01-09-1908,11.977,17.781,5.977,15.93,,,,
01-10-1908,8.865,14.675,2.948,14.883,,,,
01-11-1908,5.272,11.098,-0.576,13.842,,,,
01-12-1908,3.071,8.901,-2.535,13.189,,,,
01-01-1909,1.395,7.121,-4.298,12.839,,,,
01-02-1909,2.706,8.571,-3.447,13.35,,,,
01-03-1909,4.589,10.659,-1.677,13.852,,,,
01-04-1909,7.534,13.426,1.395,14.719,,,,
01-05-1909,10.611,16.668,4.38,15.6,,,,
01-06-1909,12.962,18.71,6.766,16.191,,,,
01-07-1909,14.06,19.787,8.05,16.437,,,,
01-08-1909,13.752,19.625,7.753,16.496,,,,
01-09-1909,11.879,17.891,5.778,15.849,,,,
01-10-1909,9.192,15.139,3.221,14.941,,,,
01-11-1909,6.236,11.959,0.323,13.993,,,,
01-12-1909,3.223,8.763,-2.353,13.217,,,,
01-01-1910,2.333,8.095,-3.27,13.139,,,,
01-02-1910,2.779,8.388,-3.226,13.317,,,,
01-03-1910,4.606,10.781,-1.675,13.872,,,,
01-04-1910,8.105,14.37,1.704,14.845,,,,
01-05-1910,11.005,17.03,4.675,15.712,,,,
01-06-1910,13.151,19.027,6.871,16.264,,,,
01-07-1910,14.279,19.952,8.205,16.543,,,,
01-08-1910,13.677,19.425,7.606,16.477,,,,
01-09-1910,11.733,17.623,5.669,15.875,,,,
01-10-1910,9.006,14.905,2.986,15.019,,,,
01-11-1910,5.318,11.072,-0.654,13.75,,,,
01-12-1910,2.684,8.5,-2.999,13.016,,,,
01-01-1911,1.66,7.133,-3.969,12.908,,,,
01-02-1911,2.453,8.15,-3.664,13.164,,,,
01-03-1911,4.347,10.362,-1.743,13.752,,,,
01-04-1911,7.99,14.081,1.856,14.716,,,,
01-05-1911,10.829,16.71,4.632,15.497,,,,
01-06-1911,13.009,19.091,6.778,16.108,,,,
01-07-1911,14.082,19.987,8.053,16.431,,,,
01-08-1911,13.499,19.396,7.607,16.387,,,,
01-09-1911,11.638,17.491,5.723,15.799,,,,
01-10-1911,9.263,14.99,3.401,15.063,,,,
01-11-1911,5.964,11.652,0.309,14.062,,,,
01-12-1911,3.39,8.811,-1.981,13.425,,,,
01-01-1912,2.402,7.911,-3.305,13.249,,,,
01-02-1912,3.354,9.379,-2.718,13.595,,,,
01-03-1912,4.356,10.725,-1.981,13.995,,,,
01-04-1912,8.229,14.069,2.091,15.065,,,,
01-05-1912,11.254,17.389,4.992,15.813,,,,
01-06-1912,13.435,19.351,7.166,16.397,,,,
01-07-1912,13.723,19.729,7.916,16.509,,,,
01-08-1912,13.053,19.027,7.277,16.309,,,,
01-09-1912,11.222,17.435,5.227,15.685,,,,
01-10-1912,8.367,14.133,2.497,14.751,,,,
01-11-1912,5.521,11.185,-0.291,13.928,,,,
01-12-1912,3.069,8.307,-2.459,13.23,,,,
01-01-1913,2.083,7.655,-3.657,13.066,,,,
01-02-1913,2.376,8.233,-3.485,13.344,,,,
01-03-1913,4.517,10.4,-1.597,13.953,,,,
01-04-1913,8.023,14.219,1.91,14.957,,,,
01-05-1913,10.745,16.815,4.652,15.679,,,,
01-06-1913,13.005,19.075,6.667,16.216,,,,
01-07-1913,14.137,20.256,7.967,16.552,,,,
01-08-1913,13.724,19.805,7.735,16.496,,,,
01-09-1913,11.759,17.833,5.629,15.867,,,,
01-10-1913,9.077,14.904,3.091,15.028,,,,
01-11-1913,6.024,11.67,0.347,14.123,,,,
01-12-1913,4.103,9.556,-1.43,13.624,,,,
01-01-1914,3.376,8.822,-2.334,13.545,,,,
01-02-1914,3.2,8.502,-2.551,13.576,,,,
01-03-1914,4.942,11.039,-1.31,14.103,,,,
01-04-1914,8.098,14.051,1.888,15.018,,,,
01-05-1914,11.285,17.199,5.233,15.857,,,,
01-06-1914,13.496,19.335,7.219,16.421,,,,
01-07-1914,14.298,20.065,8.182,16.653,,,,
01-08-1914,13.73,19.692,7.87,16.692,,,,
01-09-1914,11.915,17.747,5.866,16.075,,,,
01-10-1914,9.387,15.271,3.567,15.223,,,,
01-11-1914,5.759,11.287,0.239,14.155,,,,
01-12-1914,3.6,8.764,-1.624,13.597,,,,
01-01-1915,2.299,7.901,-3.416,13.32,,,,
01-02-1915,3.265,8.931,-2.52,13.675,,,,
01-03-1915,5.143,11.024,-1.115,14.32,,,,
01-04-1915,8.705,14.607,2.755,15.292,,,,
01-05-1915,11.493,17.141,5.371,16.067,,,,
01-06-1915,13.3,19.189,7.154,16.445,,,,
01-07-1915,14.443,20.553,8.455,16.817,,,,
01-08-1915,13.77,19.997,7.758,16.802,,,,
01-09-1915,11.867,17.811,6.038,16.102,,,,
01-10-1915,8.984,14.862,3.017,15.093,,,,
01-11-1915,6.216,12.159,0.297,14.254,,,,
01-12-1915,3.633,9.515,-2.069,13.538,,,,
01-01-1916,2.616,8.309,-2.927,13.294,,,,
01-02-1916,2.957,8.855,-3.024,13.581,,,,
01-03-1916,4.846,10.961,-1.584,14.121,,,,
01-04-1916,8.047,14.096,1.918,14.975,,,,
01-05-1916,10.972,17.084,4.794,15.779,,,,
01-06-1916,12.942,18.91,6.867,16.29,,,,
01-07-1916,14.052,20.012,8.184,16.599,,,,
01-08-1916,13.58,19.484,7.754,16.511,,,,
01-09-1916,11.726,17.634,5.725,15.927,,,,
01-10-1916,9.053,14.763,3.156,14.919,,,,
01-11-1916,5.596,11.22,-0.311,13.814,,,,
01-12-1916,2.316,7.838,-3.402,13.006,,,,
01-01-1917,2.133,7.848,-3.782,12.84,,,,
01-02-1917,2.36,8.334,-3.771,13.099,,,,
01-03-1917,4.488,10.552,-1.983,13.801,,,,
01-04-1917,7.855,13.932,1.689,14.815,,,,
01-05-1917,10.443,16.421,4.305,15.537,,,,
01-06-1917,12.915,18.889,6.792,16.239,,,,
01-07-1917,14.259,20.083,8.377,16.706,,,,
01-08-1917,13.471,19.568,7.545,16.58,,,,
01-09-1917,11.745,17.669,5.796,16.058,,,,
01-10-1917,8.544,14.426,2.64,14.942,,,,
01-11-1917,5.82,11.686,0.057,14.002,,,,
01-12-1917,2.247,7.703,-3.43,13.098,,,,
01-01-1918,1.934,7.552,-3.802,13.129,,,,
01-02-1918,2.455,8.256,-3.568,13.312,,,,
01-03-1918,4.811,10.704,-1.267,14.034,,,,
01-04-1918,7.644,13.706,1.426,14.794,,,,
01-05-1918,10.54,16.48,4.386,15.733,,,,
01-06-1918,12.908,18.731,6.772,16.306,,,,
01-07-1918,14.002,19.916,7.896,16.596,,,,
01-08-1918,13.431,19.326,7.492,16.552,,,,
01-09-1918,11.881,17.999,5.8,16.074,,,,
01-10-1918,9.433,15.332,3.578,15.252,,,,
01-11-1918,5.683,11.265,0.142,14.297,,,,
01-12-1918,2.848,8.266,-2.627,13.439,,,,
01-01-1919,2.184,7.649,-3.396,13.309,,,,
01-02-1919,2.852,8.627,-2.996,13.678,,,,
01-03-1919,4.743,10.714,-1.547,14.22,,,,
01-04-1919,8.487,14.412,2.441,15.253,,,,
01-05-1919,10.969,16.701,4.881,15.847,,,,
01-06-1919,13.228,19.017,7.102,16.375,,,,
01-07-1919,14.274,20.146,8.264,16.582,,,,
01-08-1919,13.786,19.804,7.842,16.498,,,,
01-09-1919,11.99,17.887,6.126,16.025,,,,
01-10-1919,9.361,15.005,3.522,15.117,,,,
01-11-1919,5.489,11.158,-0.431,13.914,,,,
01-12-1919,3.224,8.756,-2.395,13.263,,,,
01-01-1920,2.841,8.444,-2.942,13.257,,,,
01-02-1920,2.755,8.266,-3.109,13.347,,,,
01-03-1920,5.227,11.034,-0.782,14.25,,,,
01-04-1920,8.293,14.141,2.164,15.079,,,,
01-05-1920,11.131,17.145,5.126,15.855,,,,
01-06-1920,13.105,18.9,7.057,16.415,,,,
01-07-1920,14.245,20.121,8.299,16.693,,,,
01-08-1920,13.698,19.647,7.772,16.626,,,,
01-09-1920,11.794,17.81,5.85,16.117,,,,
01-10-1920,9.021,14.852,3.1,15.206,,,,
01-11-1920,5.566,11.127,-0.123,14.159,,,,
01-12-1920,2.629,8.225,-3.063,13.311,,,,
01-01-1921,2.98,8.737,-2.709,13.439,,,,
01-02-1921,3.125,9.17,-2.816,13.622,,,,
01-03-1921,5.081,10.928,-0.931,14.128,,,,
01-04-1921,8.324,14.327,2.252,15.005,,,,
01-05-1921,11.245,17.255,5.152,15.826,,,,
01-06-1921,13.44,19.36,7.384,16.49,,,,
01-07-1921,14.436,20.42,8.424,16.783,,,,
01-08-1921,13.561,19.468,7.601,16.618,,,,
01-09-1921,11.869,17.785,5.996,16.166,,,,
01-10-1921,9.264,15.124,3.446,15.285,,,,
01-11-1921,5.864,11.362,0.2,14.236,,,,
01-12-1921,3.663,9.157,-1.874,13.627,,,,
01-01-1922,2.15,7.603,-3.428,13.177,,,,
01-02-1922,2.376,8.234,-3.684,13.453,,,,
01-03-1922,5.156,11.248,-1.188,14.245,,,,
01-04-1922,8.38,14.521,2.156,15.168,,,,
01-05-1922,11.097,16.912,4.983,15.778,,,,
01-06-1922,13.331,19.153,7.266,16.406,,,,
01-07-1922,14.278,20.098,8.241,16.745,,,,
01-08-1922,13.584,19.475,7.599,16.532,,,,
01-09-1922,11.775,17.661,5.754,15.981,,,,
01-10-1922,9.056,14.975,3.134,15.043,,,,
01-11-1922,6.046,11.615,0.232,14.117,,,,
01-12-1922,3.667,8.968,-1.865,13.503,,,,
01-01-1923,2.487,8.21,-3.195,13.24,,,,
01-02-1923,2.563,8.298,-3.172,13.358,,,,
01-03-1923,4.866,10.786,-1.256,14.049,,,,
01-04-1923,7.749,13.64,1.602,14.959,,,,
01-05-1923,10.849,16.825,4.79,15.724,,,,
01-06-1923,13.296,19.056,7.139,16.452,,,,
01-07-1923,13.984,19.81,8.012,16.628,,,,
01-08-1923,13.611,19.445,7.645,16.54,,,,
01-09-1923,11.883,17.783,5.816,15.992,,,,
01-10-1923,9.52,15.188,3.523,15.249,,,,
01-11-1923,6.378,11.871,0.474,14.404,,,,
01-12-1923,3.88,9.269,-1.903,13.739,,,,
01-01-1924,2.339,7.912,-3.502,13.303,,,,
01-02-1924,2.888,8.609,-3.025,13.585,,,,
01-03-1924,5.352,11.24,-0.806,14.325,,,,
01-04-1924,7.97,13.857,1.722,15.081,,,,
01-05-1924,11.188,17.185,4.905,15.918,,,,
01-06-1924,13.342,19.195,7.085,16.461,,,,
01-07-1924,14.304,20.057,8.161,16.724,,,,
01-08-1924,13.654,19.519,7.585,16.556,,,,
01-09-1924,11.957,17.783,6.024,16.003,,,,
01-10-1924,9.203,14.896,3.29,15.042,,,,
01-11-1924,6.4,11.794,0.656,14.132,,,,
01-12-1924,3.485,8.639,-2.021,13.342,,,,
01-01-1925,2.268,7.484,-3.179,13.157,,,,
01-02-1925,2.701,8.51,-3.314,13.361,,,,
01-03-1925,5.126,11.133,-1.14,14.155,,,,
01-04-1925,8.442,14.538,2.178,15.011,,,,
01-05-1925,11.039,17.032,4.828,15.855,,,,
01-06-1925,13.089,19.041,6.883,16.413,,,,
01-07-1925,14.066,19.971,8.047,16.74,,,,
01-08-1925,13.769,19.737,7.724,16.716,,,,
01-09-1925,11.979,17.874,6.008,16.14,,,,
01-10-1925,9.196,14.889,3.287,15.221,,,,
01-11-1925,6.34,11.912,0.646,14.418,,,,
01-12-1925,4.398,10.011,-1.47,13.897,,,,
01-01-1926,3.453,8.785,-2.222,13.739,,,,
01-02-1926,3.717,9.503,-2.307,13.842,,,,
01-03-1926,5.831,11.593,-0.234,14.536,,,,
01-04-1926,8.193,14.095,2.006,15.214,,,,
01-05-1926,10.931,16.688,4.806,15.932,,,,
01-06-1926,13.285,19.214,7.079,16.581,,,,
01-07-1926,14.168,19.998,8.058,16.766,,,,
01-08-1926,13.877,19.695,7.916,16.8,,,,
01-09-1926,12.075,17.816,6.15,16.222,,,,
01-10-1926,9.55,15.474,3.601,15.372,,,,
01-11-1926,6.3,11.936,0.618,14.351,,,,
01-12-1926,3.366,8.63,-2.248,13.538,,,,
01-01-1927,2.372,7.935,-3.512,13.323,,,,
01-02-1927,3.039,8.67,-2.866,13.65,,,,
01-03-1927,4.668,10.565,-1.495,14.084,,,,
01-04-1927,8.035,14.007,1.852,15.045,,,,
01-05-1927,11.104,16.998,4.873,15.873,,,,
01-06-1927,13.272,19.136,7.106,16.444,,,,
01-07-1927,14.323,20.237,8.284,16.812,,,,
01-08-1927,13.698,19.529,7.697,16.742,,,,
01-09-1927,12.254,18.109,6.26,16.224,,,,
01-10-1927,9.887,15.627,4.02,15.435,,,,
01-11-1927,6.346,12.072,0.596,14.342,,,,
01-12-1927,3.267,8.689,-2.392,13.493,,,,
01-01-1928,3.046,8.291,-2.631,13.637,,,,
01-02-1928,3.333,9.04,-2.609,13.722,,,,
01-03-1928,4.959,10.892,-1.247,14.229,,,,
01-04-1928,8.244,14.193,2.046,15.126,,,,
01-05-1928,11.169,17.06,4.981,15.88,,,,
01-06-1928,13.113,18.856,7.045,16.355,,,,
01-07-1928,14.31,20.005,8.189,16.796,,,,
01-08-1928,13.687,19.522,7.798,16.7,,,,
01-09-1928,12.03,17.981,6.02,16.066,,,,
01-10-1928,9.486,15.387,3.549,15.232,,,,
01-11-1928,6.336,11.933,0.629,14.276,,,,
01-12-1928,3.873,9.186,-1.751,13.568,,,,
01-01-1929,2.054,7.48,-3.66,13.137,,,,
01-02-1929,2.172,7.838,-3.883,13.241,,,,
01-03-1929,5.099,10.982,-1.131,14.079,,,,
01-04-1929,8.094,14.08,1.842,14.987,,,,
01-05-1929,10.915,16.906,4.784,15.716,,,,
01-06-1929,12.928,18.65,6.908,16.328,,,,
01-07-1929,13.957,19.652,8.012,16.59,,,,
01-08-1929,13.68,19.548,7.697,16.671,,,,
01-09-1929,11.807,17.598,5.926,16.092,,,,
01-10-1929,9.46,15.217,3.686,15.248,,,,
01-11-1929,6.172,11.757,0.377,14.313,,,,
01-12-1929,2.571,7.769,-2.945,13.207,,,,
01-01-1930,2.401,7.67,-3.169,13.26,,,,
01-02-1930,3.152,8.9,-2.852,13.54,,,,
01-03-1930,5.483,11.539,-0.571,14.326,,,,
01-04-1930,8.182,14.017,2.072,15.081,,,,
01-05-1930,11.105,16.87,5.016,15.911,,,,
01-06-1930,13.347,19.071,7.295,16.473,,,,
01-07-1930,14.465,20.252,8.415,16.854,,,,
01-08-1930,13.928,19.803,7.996,16.791,,,,
01-09-1930,11.874,17.754,5.935,16.25,,,,
01-10-1930,9.261,14.941,3.587,15.355,,,,
01-11-1930,6.574,12.032,0.892,14.505,,,,
01-12-1930,3.831,9.066,-1.736,13.724,,,,
01-01-1931,2.761,8.059,-2.897,13.529,,,,
01-02-1931,2.708,8.218,-3.123,13.621,,,,
01-03-1931,5.22,11.194,-1.006,14.347,,,,
01-04-1931,8.163,14.079,2.025,15.116,,,,
01-05-1931,11.02,16.805,4.951,15.872,,,,
01-06-1931,13.573,19.419,7.489,16.63,,,,
01-07-1931,14.576,20.399,8.665,16.967,,,,
01-08-1931,14.12,19.961,8.189,16.887,,,,
01-09-1931,12.283,18.078,6.485,16.294,,,,
01-10-1931,9.937,15.718,4.073,15.448,,,,
01-11-1931,6.243,11.63,0.545,14.317,,,,
01-12-1931,4.027,9.477,-1.573,13.711,,,,
01-01-1932,3.604,9.159,-2.054,13.687,,,,
01-02-1932,2.989,8.797,-3.23,13.658,,,,
01-03-1932,4.94,10.934,-1.164,14.252,,,,
01-04-1932,8.769,14.644,2.599,15.335,,,,
01-05-1932,11.239,16.865,5.225,16.018,,,,
01-06-1932,13.383,19.114,7.258,16.504,,,,
01-07-1932,14.372,20.093,8.416,16.846,,,,
01-08-1932,13.74,19.5,7.917,16.68,,,,
01-09-1932,12.31,18.216,6.34,16.263,,,,
01-10-1932,9.682,15.424,3.9,15.28,,,,
01-11-1932,5.908,11.551,0.014,14.175,,,,
01-12-1932,3.527,8.888,-2.071,13.558,,,,
01-01-1933,2.169,7.379,-3.453,13.26,,,,
01-02-1933,2.657,8.351,-3.318,13.506,,,,
01-03-1933,4.869,10.774,-1.27,14.131,,,,
01-04-1933,8.125,14.046,2.003,15.043,,,,
01-05-1933,11.047,16.845,4.988,15.823,,,,
01-06-1933,13.11,19.036,7.001,16.337,,,,
01-07-1933,14.236,20.037,8.295,16.704,,,,
01-08-1933,13.76,19.635,7.858,16.701,,,,
01-09-1933,11.854,17.631,6.055,16.024,,,,
01-10-1933,9.238,15.172,3.374,15.143,,,,
01-11-1933,5.89,11.578,0.093,14.131,,,,
01-12-1933,3.104,8.456,-2.533,13.352,,,,
01-01-1934,2.476,7.995,-3.131,13.276,,,,
01-02-1934,3.699,9.504,-2.191,13.701,,,,
01-03-1934,4.818,10.835,-1.382,14.072,,,,
01-04-1934,8.016,13.996,1.853,15.02,,,,
01-05-1934,11.478,17.533,5.26,15.951,,,,
01-06-1934,13.402,19.183,7.422,16.578,,,,
01-07-1934,14.343,20.14,8.472,16.851,,,,
01-08-1934,13.778,19.534,8.01,16.74,,,,
01-09-1934,11.727,17.505,5.899,16.128,,,,
01-10-1934,9.421,15.371,3.629,15.332,,,,
01-11-1934,6.397,11.736,0.978,14.412,,,,
01-12-1934,3.985,9.279,-1.62,13.673,,,,
01-01-1935,2.175,7.737,-3.618,13.299,,,,
01-02-1935,4.125,9.944,-1.717,13.857,,,,
01-03-1935,5.399,11.343,-0.802,14.269,,,,
01-04-1935,7.771,13.81,1.551,15.013,,,,
01-05-1935,10.906,16.88,4.755,15.848,,,,
01-06-1935,13.326,19.1,7.193,16.504,,,,
01-07-1935,14.331,20.173,8.438,16.848,,,,
01-08-1935,13.775,19.657,7.831,16.715,,,,
01-09-1935,11.999,17.896,6.042,16.143,,,,
01-10-1935,9.516,15.379,3.7,15.311,,,,
01-11-1935,5.443,10.849,-0.23,14.069,,,,
01-12-1935,3.423,8.675,-2.09,13.55,,,,
01-01-1936,2.249,7.806,-3.53,13.26,,,,
01-02-1936,2.506,8.253,-3.458,13.533,,,,
01-03-1936,5.031,11.032,-1.154,14.206,,,,
01-04-1936,8.127,14.082,1.976,15.089,,,,
01-05-1936,11.251,17.076,5.23,15.935,,,,
01-06-1936,13.363,19.171,7.288,16.524,,,,
01-07-1936,14.629,20.443,8.704,16.928,,,,
01-08-1936,13.86,19.691,7.929,16.811,,,,
01-09-1936,12.021,17.91,6.064,16.191,,,,
01-10-1936,9.457,15.316,3.658,15.412,,,,
01-11-1936,6.233,11.814,0.407,14.338,,,,
01-12-1936,3.921,9.181,-1.441,13.767,,,,
01-01-1937,2.453,7.879,-3.216,13.417,,,,
01-02-1937,3.553,9.237,-2.387,13.904,,,,
01-03-1937,4.851,10.731,-1.413,14.276,,,,
01-04-1937,8.14,14.025,2.001,15.228,,,,
01-05-1937,11.422,17.358,5.169,16.051,,,,
01-06-1937,13.603,19.558,7.454,16.679,,,,
01-07-1937,14.375,20.154,8.41,17.054,,,,
01-08-1937,14.007,19.85,8.145,16.941,,,,
01-09-1937,12.413,18.377,6.419,16.402,,,,
01-10-1937,9.729,15.635,4.002,15.523,,,,
01-11-1937,6.356,11.913,0.612,14.447,,,,
01-12-1937,3.478,8.999,-2.196,13.684,,,,
01-01-1938,2.91,8.416,-2.597,13.596,,,,
01-02-1938,3.417,9.138,-2.518,13.827,,,,
01-03-1938,5.651,11.616,-0.431,14.491,,,,
01-04-1938,8.913,14.984,2.968,15.363,,,,
01-05-1938,11.456,17.429,5.427,16.001,,,,
01-06-1938,13.321,18.989,7.418,16.607,,,,
01-07-1938,14.482,20.249,8.612,16.871,,,,
01-08-1938,13.963,19.85,8.097,16.904,,,,
01-09-1938,12.427,18.311,6.468,16.367,,,,
01-10-1938,9.784,15.734,3.984,15.526,,,,
01-11-1938,6.53,12.161,0.969,14.408,,,,
01-12-1938,3.51,8.922,-2.001,13.556,,,,
01-01-1939,2.932,8.53,-2.771,13.538,,,,
01-02-1939,3.232,9.048,-2.535,13.757,,,,
01-03-1939,4.926,10.836,-1.1,14.273,,,,
01-04-1939,8.328,14.44,2.271,15.296,,,,
01-05-1939,11.524,17.489,5.362,16.174,,,,
01-06-1939,13.531,19.47,7.51,16.712,,,,
01-07-1939,14.395,20.26,8.617,16.988,,,,
01-08-1939,13.932,19.807,8.011,16.892,,,,
01-09-1939,11.958,17.922,5.907,16.3,,,,
01-10-1939,9.218,14.963,3.479,15.232,,,,
01-11-1939,6.189,11.742,0.555,14.379,,,,
01-12-1939,4.959,10.629,-0.738,14.087,,,,
01-01-1940,2.335,7.942,-3.35,13.576,,,,
01-02-1940,3.423,9.25,-2.488,13.932,,,,
01-03-1940,5.424,11.402,-0.622,14.48,,,,
01-04-1940,8.756,14.793,2.722,15.452,,,,
01-05-1940,11.338,17.273,5.202,16.08,,,,
01-06-1940,13.583,19.501,7.532,16.725,,,,
01-07-1940,14.571,20.408,8.51,17.123,,,,
01-08-1940,13.811,19.662,7.937,16.946,,,,
01-09-1940,12.268,18.186,6.377,16.43,,,,
01-10-1940,9.457,15.273,3.762,15.384,,,,
01-11-1940,6.076,11.667,0.52,14.377,,,,
01-12-1940,4.134,9.592,-1.418,13.96,,,,
01-01-1941,2.735,8.348,-3.01,13.622,,,,
01-02-1941,3.67,9.439,-2.234,13.946,,,,
01-03-1941,5.213,11.152,-0.901,14.425,,,,
01-04-1941,8.575,14.429,2.616,15.407,,,,
01-05-1941,11.493,17.259,5.582,16.152,,,,
01-06-1941,13.63,19.447,7.696,16.753,,,,
01-07-1941,14.694,20.578,8.739,17.131,,,,
01-08-1941,14.028,19.853,8.134,16.915,,,,
01-09-1941,11.816,17.813,5.973,16.19,,,,
01-10-1941,9.71,15.504,3.988,15.629,,,,
01-11-1941,5.953,11.536,0.265,14.475,,,,
01-12-1941,3.707,9.076,-1.87,13.971,,,,
01-01-1942,3.103,8.715,-2.609,13.821,,,,
01-02-1942,2.857,8.544,-2.883,13.773,,,,
01-03-1942,5.308,11.264,-0.771,14.538,,,,
01-04-1942,8.416,14.453,2.401,15.307,,,,
01-05-1942,11.338,17.196,5.398,16.147,,,,
01-06-1942,13.578,19.417,7.721,16.729,,,,
01-07-1942,14.242,20.107,8.516,16.902,,,,
01-08-1942,13.786,19.603,8.042,16.766,,,,
01-09-1942,12.146,18.143,6.151,16.265,,,,
01-10-1942,9.627,15.452,3.864,15.358,,,,
01-11-1942,6.395,12.149,0.685,14.426,,,,
01-12-1942,3.945,9.368,-1.474,13.872,,,,
01-01-1943,2.396,8.017,-3.283,13.522,,,,
01-02-1943,3.513,9.468,-2.37,13.939,,,,
01-03-1943,5.138,11.123,-0.812,14.371,,,,
01-04-1943,8.638,14.654,2.719,15.335,,,,
01-05-1943,11.485,17.401,5.523,16.123,,,,
01-06-1943,13.161,19.036,7.314,16.596,,,,
01-07-1943,14.46,20.394,8.503,16.95,,,,
01-08-1943,13.774,19.68,7.986,16.912,,,,
01-09-1943,12.096,18.029,6.325,16.285,,,,
01-10-1943,9.907,15.859,4.068,15.62,,,,
01-11-1943,6.26,11.87,0.592,14.53,,,,
01-12-1943,4.233,9.705,-1.326,13.957,,,,
01-01-1944,3.504,9.037,-1.929,13.819,,,,
01-02-1944,3.591,9.407,-2.123,14.023,,,,
01-03-1944,5.531,11.517,-0.4,14.632,,,,
01-04-1944,8.434,14.577,2.337,15.432,,,,
01-05-1944,11.334,17.483,5.328,16.212,,,,
01-06-1944,13.478,19.508,7.491,16.772,,,,
01-07-1944,14.468,20.493,8.652,17.119,,,,
01-08-1944,14.017,20.108,8.076,17.117,,,,
01-09-1944,12.45,18.453,6.614,16.472,,,,
01-10-1944,9.808,15.732,4.032,15.623,,,,
01-11-1944,6.091,11.515,0.607,14.401,,,,
01-12-1944,3.434,8.896,-1.969,13.767,,,,
01-01-1945,2.525,8.127,-2.907,13.586,,,,
01-02-1945,2.646,8.373,-3.044,13.747,,,,
01-03-1945,5.184,11.182,-0.898,14.462,,,,
01-04-1945,8.681,14.727,2.601,15.431,,,,
01-05-1945,11.097,17.214,5.008,16.064,,,,
01-06-1945,13.328,19.407,7.366,16.661,,,,
01-07-1945,14.213,20.142,8.352,16.911,,,,
01-08-1945,14.313,20.189,8.413,17.106,,,,
01-09-1945,12.225,18.078,6.414,16.358,,,,
01-10-1945,9.575,15.458,3.83,15.574,,,,
01-11-1945,6.073,11.697,0.47,14.453,,,,
01-12-1945,3.158,8.671,-2.337,13.616,,,,
01-01-1946,2.979,8.484,-2.547,13.638,,,,
01-02-1946,3.461,9.259,-2.389,13.816,,,,
01-03-1946,5.236,11.244,-0.839,14.514,,,,
01-04-1946,8.837,14.909,2.711,15.441,,,,
01-05-1946,11.355,17.275,5.323,15.994,,,,
01-06-1946,13.298,19.086,7.197,16.513,,,,
01-07-1946,14.409,20.265,8.427,16.944,,,,
01-08-1946,13.834,19.783,7.998,16.717,,,,
01-09-1946,12.064,17.921,6.264,16.252,,,,
01-10-1946,9.281,15.175,3.577,15.437,,,,
01-11-1946,6.235,11.863,0.555,14.359,,,,
01-12-1946,3.134,8.514,-2.31,13.528,,,,
01-01-1947,2.597,8.109,-2.992,13.532,,,,
01-02-1947,3.277,9.045,-2.668,13.832,,,,
01-03-1947,5.801,11.8,-0.367,14.54,,,,
01-04-1947,8.686,14.734,2.738,15.373,,,,
01-05-1947,11.329,17.266,5.263,16.089,,,,
01-06-1947,13.459,19.361,7.452,16.701,,,,
01-07-1947,14.349,20.126,8.35,16.973,,,,
01-08-1947,13.827,19.541,8.002,16.804,,,,
01-09-1947,12.166,17.959,6.355,16.261,,,,
01-10-1947,10.011,15.797,4.313,15.49,,,,
01-11-1947,6.407,11.926,0.913,14.435,,,,
01-12-1947,3.656,9.086,-1.784,13.692,,,,
01-01-1948,3.366,9.136,-2.352,13.666,,,,
01-02-1948,3.22,9.034,-2.613,13.692,,,,
01-03-1948,4.919,10.852,-1.039,14.284,,,,
01-04-1948,8.499,14.384,2.617,15.266,,,,
01-05-1948,11.537,17.592,5.515,16.173,,,,
01-06-1948,13.664,19.614,7.585,16.742,,,,
01-07-1948,14.445,20.334,8.625,16.938,,,,
01-08-1948,13.896,19.87,7.965,16.902,,,,
01-09-1948,12.155,18.217,6.209,16.243,,,,
01-10-1948,9.584,15.52,3.812,15.389,,,,
01-11-1948,6.185,11.853,0.691,14.299,,,,
01-12-1948,3.491,8.981,-2.03,13.54,,,,
01-01-1949,3.219,8.837,-2.428,13.704,,,,
01-02-1949,2.759,8.518,-3.003,13.686,,,,
01-03-1949,5.077,10.981,-0.773,14.322,,,,
01-04-1949,8.344,14.41,2.364,15.312,,,,
01-05-1949,11.309,17.196,5.444,16.063,,,,
01-06-1949,13.223,19.064,7.389,16.467,,,,
01-07-1949,14.199,20.128,8.297,16.807,,,,
01-08-1949,13.826,19.77,8.004,16.796,,,,
01-09-1949,11.957,17.969,6.052,16.177,,,,
01-10-1949,9.531,15.439,3.719,15.375,,,,
01-11-1949,6.148,11.821,0.453,14.331,,,,
01-12-1949,3.449,8.843,-1.892,13.633,,,,
01-01-1950,2.008,7.611,-3.622,13.311,,,,
01-02-1950,2.721,8.475,-3.013,13.554,,,,
01-03-1950,5.247,11.173,-0.693,14.296,,,,
01-04-1950,8.123,14.157,2.043,15.093,,,,
01-05-1950,11.297,17.252,5.421,16.033,,,,
01-06-1950,13.382,19.29,7.501,16.66,,,,
01-07-1950,14.14,19.882,8.417,16.981,,,,
01-08-1950,13.46,19.39,7.729,16.731,,,,
01-09-1950,11.952,17.737,6.205,16.124,,,,
01-10-1950,9.153,14.918,3.452,15.245,,,,
01-11-1950,5.372,11.077,-0.426,14.06,,,,
01-12-1950,3.528,9.123,-2.071,13.586,,,,
01-01-1951,2.138,7.77,-3.521,13.341,,,,
01-02-1951,2.332,8.163,-3.661,13.488,,,,
01-03-1951,5.091,11.074,-1.087,14.278,,,,
01-04-1951,8.367,14.538,2.191,15.198,,,,
01-05-1951,11.438,17.371,5.376,16.158,,,,
01-06-1951,13.25,19.16,7.312,16.768,,,,
01-07-1951,14.324,20.225,8.416,17.046,,,,
01-08-1951,14.021,19.81,8.033,17.081,,,,
01-09-1951,12.324,18.362,6.427,16.43,,,,
01-10-1951,9.67,15.149,4.047,15.529,,,,
01-11-1951,6.225,11.752,0.457,14.422,,,,
01-12-1951,4.328,9.788,-1.162,13.995,,,,
01-01-1952,3.049,8.656,-2.579,13.762,,,,
01-02-1952,3.396,9.113,-2.425,14.009,,,,
01-03-1952,4.967,10.96,-1.193,14.373,,,,
01-04-1952,8.461,14.565,2.445,15.363,,,,
01-05-1952,11.352,17.289,5.394,16.129,,,,
01-06-1952,13.442,19.426,7.626,16.751,,,,
01-07-1952,14.549,20.416,8.754,17.068,,,,
01-08-1952,13.964,19.753,8.161,16.952,,,,
01-09-1952,12.238,18.109,6.379,16.395,,,,
01-10-1952,9.157,15.032,3.294,15.434,,,,
01-11-1952,5.425,11.017,-0.164,14.334,,,,
01-12-1952,3.659,9.215,-1.85,13.787,,,,
01-01-1953,2.964,8.541,-2.629,13.642,,,,
01-02-1953,3.629,9.51,-2.182,14.02,,,,
01-03-1953,5.712,11.677,-0.22,14.561,,,,
01-04-1953,8.892,14.813,2.913,15.518,,,,
01-05-1953,11.514,17.358,5.53,16.266,,,,
01-06-1953,13.612,19.461,7.749,16.89,,,,
01-07-1953,14.392,20.254,8.565,17.088,,,,
01-08-1953,14.059,19.803,8.25,16.985,,,,
01-09-1953,12.199,18.145,6.288,16.418,,,,
01-10-1953,9.59,15.367,3.908,15.471,,,,
01-11-1953,5.924,11.376,0.419,14.332,,,,
01-12-1953,3.998,9.366,-1.299,13.862,,,,
01-01-1954,2.059,7.673,-3.581,13.38,,,,
01-02-1954,3.084,8.863,-2.674,13.783,,,,
01-03-1954,5.148,11.148,-0.865,14.385,,,,
01-04-1954,8.158,13.973,2.424,15.226,,,,
01-05-1954,10.988,16.784,5.196,15.971,,,,
01-06-1954,13.4,19.213,7.62,16.609,,,,
01-07-1954,14.241,20.015,8.543,16.851,,,,
01-08-1954,13.868,19.588,8.184,16.816,,,,
01-09-1954,12.098,17.852,6.368,16.223,,,,
01-10-1954,9.546,15.26,3.902,15.423,,,,
01-11-1954,6.579,12.155,1.046,14.48,,,,
01-12-1954,3.559,8.915,-1.773,13.62,,,,
01-01-1955,3.412,8.914,-2.028,13.717,,,,
01-02-1955,3.137,8.966,-2.71,13.718,,,,
01-03-1955,4.585,10.377,-1.427,14.179,,,,
01-04-1955,8.136,13.914,2.223,15.119,,,,
01-05-1955,11.192,17.11,5.504,15.882,,,,
01-06-1955,13.56,19.218,7.735,16.555,,,,
01-07-1955,14.242,19.959,8.579,16.809,,,,
01-08-1955,14.283,19.857,8.303,16.899,,,,
01-09-1955,11.954,17.859,6.405,16.148,,,,
01-10-1955,9.735,15.446,3.923,15.333,,,,
01-11-1955,5.973,11.527,0.084,14.211,,,,
01-12-1955,3.306,8.802,-2.254,13.522,,,,
01-01-1956,2.466,7.909,-3.055,13.444,,,,
01-02-1956,2.781,8.555,-3.131,13.626,,,,
01-03-1956,4.889,10.836,-1.028,14.231,,,,
01-04-1956,7.922,13.848,2.043,15.029,,,,
01-05-1956,10.721,16.734,5.083,15.823,,,,
01-06-1956,13.16,18.939,7.309,16.472,,,,
01-07-1956,14.18,19.952,8.603,16.83,,,,
01-08-1956,13.189,18.967,7.513,16.605,,,,
01-09-1956,11.783,17.501,5.872,16.088,,,,
01-10-1956,8.928,14.667,3.173,15.159,,,,
01-11-1956,5.738,11.414,0.134,14.261,,,,
01-12-1956,3.598,8.962,-1.775,13.704,,,,
01-01-1957,2.488,8.005,-2.97,13.473,,,,
01-02-1957,3.12,8.708,-2.51,13.804,,,,
01-03-1957,5.036,10.986,-0.916,14.381,,,,
01-04-1957,8.366,14.094,2.426,15.324,,,,
01-05-1957,11.259,17.054,5.43,16.216,,,,
01-06-1957,13.783,19.473,7.811,16.878,,,,
01-07-1957,14.129,19.828,8.382,17.034,,,,
01-08-1957,14.082,19.792,8.263,17.049,,,,
01-09-1957,12.312,18.065,6.407,16.38,,,,
01-10-1957,9.496,15.049,3.801,15.463,,,,
01-11-1957,6.391,11.849,0.831,14.516,,,,
01-12-1957,4.328,9.68,-0.943,13.971,,,,
01-01-1958,3.574,8.977,-1.772,13.881,,,,
01-02-1958,3.695,9.546,-1.949,14.071,,,,
01-03-1958,5.453,11.321,-0.549,14.547,,,,
01-04-1958,8.52,14.392,2.57,15.359,,,,
01-05-1958,11.519,17.355,5.625,16.18,,,,
01-06-1958,13.187,19.028,7.427,16.619,,,,
01-07-1958,14.438,20.121,8.839,17.039,,,,
01-08-1958,13.597,19.399,8.048,16.832,,,,
01-09-1958,11.845,17.549,6.204,16.284,,,,
01-10-1958,9.375,15.094,3.742,15.437,,,,
01-11-1958,6.26,11.718,0.746,14.507,,,,
01-12-1958,3.822,9.23,-1.557,13.829,,,,
01-01-1959,2.959,8.39,-2.406,13.636,,,,
01-02-1959,3.33,9.004,-2.225,13.873,,,,
01-03-1959,5.854,11.728,-0.071,14.612,,,,
01-04-1959,8.819,14.752,2.807,15.439,,,,
01-05-1959,11.323,17.164,5.536,16.122,,,,
01-06-1959,13.577,19.379,7.748,16.776,,,,
01-07-1959,14.449,20.236,8.854,17.002,,,,
01-08-1959,13.853,19.532,8.321,16.908,,,,
01-09-1959,11.946,17.663,6.344,16.278,,,,
01-10-1959,9.16,14.767,3.586,15.405,,,,
01-11-1959,5.752,11.261,0.302,14.272,,,,
01-12-1959,3.77,9.122,-1.493,13.763,,,,
01-01-1960,2.713,8.222,-2.623,13.553,,,,
01-02-1960,3.798,9.748,-1.92,13.956,,,,
01-03-1960,4.303,10.216,-1.677,14.145,,,,
01-04-1960,8.133,13.955,2.229,15.19,,,,
01-05-1960,10.872,16.71,5.044,15.956,,,,
01-06-1960,13.484,19.306,7.729,16.67,,,,
01-07-1960,14.198,19.884,8.492,16.985,,,,
01-08-1960,13.825,19.604,8.242,16.969,,,,
01-09-1960,12.095,17.856,6.498,16.382,,,,
01-10-1960,9.497,15.235,3.8,15.456,,,,
01-11-1960,5.828,11.433,0.355,14.313,,,,
01-12-1960,4.259,9.64,-0.978,13.928,,,,
01-01-1961,2.926,8.38,-2.383,13.664,,,,
01-02-1961,3.683,9.299,-1.895,14.058,,,,
01-03-1961,5.589,11.478,-0.271,14.609,,,,
01-04-1961,8.631,14.497,2.817,15.444,,,,
01-05-1961,11.624,17.592,5.729,16.241,,,,
01-06-1961,13.702,19.598,7.796,16.81,,,,
01-07-1961,14.288,20.014,8.664,16.987,,,,
01-08-1961,13.849,19.606,8.23,16.917,,,,
01-09-1961,12.247,17.987,6.525,16.309,,,,
01-10-1961,9.328,15.057,3.508,15.401,,,,
01-11-1961,6.205,11.655,0.74,14.437,,,,
01-12-1961,3.5,9.016,-1.915,13.682,,,,
01-01-1962,3.003,8.657,-2.509,13.655,,,,
01-02-1962,3.696,9.547,-2.045,14.003,,,,
01-03-1962,5.53,11.537,-0.416,14.522,,,,
01-04-1962,8.54,14.473,2.576,15.353,,,,
01-05-1962,11.128,17.04,5.195,16.041,,,,
01-06-1962,13.427,19.35,7.456,16.679,,,,
01-07-1962,14.205,20.054,8.451,16.952,,,,
01-08-1962,13.713,19.553,7.941,16.83,,,,
01-09-1962,12.018,17.845,6.313,16.246,,,,
01-10-1962,9.468,15.226,3.774,15.429,,,,
01-11-1962,6.283,11.775,0.797,14.421,,,,
01-12-1962,3.94,9.425,-1.43,13.776,,,,
01-01-1963,2.901,8.671,-2.679,13.594,,,,
01-02-1963,4.02,9.95,-1.685,14.014,,,,
01-03-1963,5.097,11.043,-0.895,14.357,,,,
01-04-1963,8.173,13.914,2.35,15.216,,,,
01-05-1963,11.045,16.819,5.234,16.05,,,,
01-06-1963,13.412,19.276,7.604,16.675,,,,
01-07-1963,14.506,20.229,8.797,17.089,,,,
01-08-1963,14.309,20.009,8.471,17.061,,,,
01-09-1963,12.555,18.306,6.724,16.48,,,,
01-10-1963,9.943,15.716,4.326,15.587,,,,
01-11-1963,6.561,12.068,1.31,14.58,,,,
01-12-1963,3.75,9.346,-1.666,13.817,,,,
01-01-1964,2.881,8.384,-2.549,13.595,,,,
01-02-1964,3.028,8.791,-2.613,13.73,,,,
01-03-1964,4.865,10.97,-1.152,14.256,,,,
01-04-1964,7.922,13.794,2.152,15.062,,,,
01-05-1964,10.905,16.801,5.202,15.856,,,,
01-06-1964,13.459,19.275,7.536,16.591,,,,
01-07-1964,14.301,20.065,8.572,16.784,,,,
01-08-1964,13.678,19.386,8.05,16.634,,,,
01-09-1964,11.604,17.394,6.11,16.002,,,,
01-10-1964,8.832,14.654,3.218,15.171,,,,
01-11-1964,5.983,11.609,0.483,14.202,,,,
01-12-1964,3.458,8.759,-1.783,13.522,,,,
01-01-1965,2.862,8.418,-2.526,13.545,,,,
01-02-1965,3.036,8.907,-2.822,13.698,,,,
01-03-1965,5.182,11.22,-0.735,14.285,,,,
01-04-1965,7.99,13.841,2.168,15.095,,,,
01-05-1965,11.222,17.168,5.262,16.007,,,,
01-06-1965,13.308,19.126,7.483,16.532,,,,
01-07-1965,14.078,19.869,8.376,16.762,,,,
01-08-1965,13.807,19.583,8.184,16.803,,,,
01-09-1965,11.73,17.407,6.096,16.154,,,,
01-10-1965,9.488,15.11,3.8,15.406,,,,
01-11-1965,5.86,11.337,0.354,14.287,,,,
01-12-1965,3.766,9.235,-1.543,13.775,,,,
01-01-1966,2.49,8.049,-3.041,13.495,,,,
01-02-1966,3.29,9.005,-2.421,13.81,,,,
01-03-1966,5.527,11.296,-0.42,14.445,,,,
01-04-1966,8.161,13.951,2.331,15.254,,,,
01-05-1966,11.2,17.07,5.189,15.987,,,,
01-06-1966,13.587,19.378,7.723,16.693,,,,
01-07-1966,14.569,20.392,8.823,17.033,,,,
01-08-1966,13.731,19.627,8.087,16.826,,,,
01-09-1966,12.133,18.028,6.482,16.273,,,,
01-10-1966,9.153,14.777,3.555,15.315,,,,
01-11-1966,5.969,11.58,0.412,14.362,,,,
01-12-1966,3.382,8.758,-1.927,13.683,,,,
01-01-1967,2.71,8.395,-2.869,13.527,,,,
01-02-1967,2.905,8.619,-2.772,13.688,,,,
01-03-1967,5.396,11.222,-0.356,14.465,,,,
01-04-1967,8.458,14.376,2.5,15.3,,,,
01-05-1967,11.632,17.505,5.784,16.279,,,,
01-06-1967,13.194,18.911,7.445,16.665,,,,
01-07-1967,14.331,20.142,8.706,16.97,,,,
01-08-1967,13.821,19.593,8.172,16.84,,,,
01-09-1967,12.054,17.852,6.269,16.244,,,,
01-10-1967,9.809,15.479,4.178,15.469,,,,
01-11-1967,6.176,11.505,0.808,14.353,,,,
01-12-1967,3.915,9.279,-1.42,13.73,,,,
01-01-1968,2.353,7.867,-3.062,13.389,,,,
01-02-1968,3.245,8.88,-2.319,13.724,,,,
01-03-1968,6.117,11.907,0.285,14.581,,,,
01-04-1968,8.455,14.427,2.596,15.261,,,,
01-05-1968,11.068,16.76,5.176,15.99,,,,
01-06-1968,13.204,18.873,7.318,16.696,,,,
01-07-1968,14.026,19.734,8.431,16.887,,,,
01-08-1968,13.524,19.238,7.892,16.794,,,,
01-09-1968,11.62,17.348,5.942,16.155,,,,
01-10-1968,9.453,15.086,3.787,15.481,,,,
01-11-1968,5.891,11.3,0.357,14.418,,,,
01-12-1968,3.24,8.551,-2.116,13.791,,,,
01-01-1969,1.966,7.229,-3.298,13.518,,,,
01-02-1969,2.45,7.969,-3.191,13.747,,,,
01-03-1969,5.131,11.018,-0.824,14.576,,,,
01-04-1969,8.576,14.286,2.69,15.518,,,,
01-05-1969,11.354,17.064,5.565,16.329,,,,
01-06-1969,13.475,19.208,7.568,16.83,,,,
01-07-1969,14.218,20.024,8.666,16.924,,,,
01-08-1969,13.804,19.628,8.124,16.945,,,,
01-09-1969,12.048,17.67,6.421,16.337,,,,
01-10-1969,9.489,14.888,4.05,15.445,,,,
01-11-1969,6.42,11.974,0.923,14.524,,,,
01-12-1969,4.21,9.587,-1.139,13.993,,,,
01-01-1970,2.836,8.288,-2.584,13.711,,,,
01-02-1970,3.735,9.543,-2.02,14.022,,,,
01-03-1970,5.272,11.066,-0.545,14.503,,,,
01-04-1970,8.603,14.383,2.739,15.44,,,,
01-05-1970,11.206,17.165,5.402,16.104,,,,
01-06-1970,13.513,19.368,7.599,16.672,,,,
01-07-1970,14.395,20.254,8.723,16.912,,,,
01-08-1970,13.658,19.43,8.097,16.748,,,,
01-09-1970,12.277,17.879,6.62,16.335,,,,
01-10-1970,9.348,14.96,3.787,15.42,,,,
01-11-1970,6.047,11.562,0.524,14.418,,,,
01-12-1970,3.521,8.941,-1.829,13.707,,,,
01-01-1971,2.967,8.531,-2.531,13.615,,,,
01-02-1971,2.867,8.579,-2.723,13.627,,,,
01-03-1971,5.001,10.967,-0.896,14.254,,,,
01-04-1971,8.339,14.267,2.516,15.227,,,,
01-05-1971,11.211,17.186,5.384,15.963,,,,
01-06-1971,13.099,18.992,7.436,16.539,,,,
01-07-1971,14.139,19.984,8.511,16.846,,,,
01-08-1971,13.879,19.593,8.086,16.752,,,,
01-09-1971,12.139,17.918,6.463,16.22,,,,
01-10-1971,9.388,15.146,3.809,15.298,,,,
01-11-1971,6.295,11.842,0.931,14.399,,,,
01-12-1971,3.867,9.228,-1.439,13.66,,,,
01-01-1972,1.882,7.392,-3.549,13.298,,,,
01-02-1972,2.609,8.219,-3.115,13.644,,,,
01-03-1972,5.287,11.169,-0.672,14.446,,,,
01-04-1972,8.337,14.148,2.498,15.291,,,,
01-05-1972,11.155,16.968,5.361,16.095,,,,
01-06-1972,13.501,19.231,7.627,16.729,,,,
01-07-1972,14.231,20.037,8.568,16.956,,,,
01-08-1972,14.171,19.88,8.386,16.978,,,,
01-09-1972,11.901,17.529,6.166,16.27,,,,
01-10-1972,9.346,15.057,3.84,15.438,,,,
01-11-1972,5.797,11.167,0.52,14.419,,,,
01-12-1972,3.778,9.182,-1.492,13.951,,,,
01-01-1973,3.038,8.492,-2.308,13.774,,,,
01-02-1973,3.898,9.496,-1.654,14.14,,,,
01-03-1973,5.82,11.605,0.109,14.663,,,,
01-04-1973,8.938,14.51,3.107,15.528,,,,
01-05-1973,11.769,17.417,5.926,16.288,,,,
01-06-1973,13.824,19.497,8.155,16.795,,,,
01-07-1973,14.435,20.112,8.989,17.002,,,,
01-08-1973,13.869,19.707,8.427,16.889,,,,
01-09-1973,12.125,17.815,6.504,16.267,,,,
01-10-1973,9.609,15.182,3.913,15.419,,,,
01-11-1973,6.222,11.667,0.788,14.381,,,,
01-12-1973,3.832,9.292,-1.514,13.711,,,,
01-01-1974,2.261,7.464,-2.894,13.3,,,,
01-02-1974,2.582,8.118,-2.926,13.49,,,,
01-03-1974,5.19,10.966,-0.495,14.267,,,,
01-04-1974,8.386,14.179,2.59,15.182,,,,
01-05-1974,11.198,16.932,5.47,15.957,,,,
01-06-1974,13.382,19.235,7.591,16.616,,,,
01-07-1974,14.288,19.925,8.654,16.846,,,,
01-08-1974,14.016,19.652,8.391,16.912,,,,
01-09-1974,11.744,17.43,6.14,16.197,,,,
01-10-1974,9.098,14.884,3.423,15.274,,,,
01-11-1974,5.915,11.459,0.389,14.32,,,,
01-12-1974,3.55,8.739,-1.522,13.656,,,,
01-01-1975,3.059,8.484,-2.257,13.621,,,,
01-02-1975,3.395,9.026,-2.096,13.857,,,,
01-03-1975,5.706,11.384,-0.15,14.538,,,,
01-04-1975,8.584,14.399,2.882,15.297,,,,
01-05-1975,11.742,17.484,5.842,16.136,,,,
01-06-1975,13.557,19.275,7.796,16.682,,,,
01-07-1975,14.351,20.051,8.637,16.877,,,,
01-08-1975,13.514,19.248,7.892,16.665,,,,
01-09-1975,12.152,17.804,6.54,16.216,,,,
01-10-1975,9.318,14.908,3.671,15.292,,,,
01-11-1975,5.893,11.462,0.332,14.126,,,,
01-12-1975,3.667,9.079,-1.636,13.557,,,,
01-01-1976,2.884,8.398,-2.452,13.442,,,,
01-02-1976,3.031,8.509,-2.443,13.619,,,,
01-03-1976,4.517,10.305,-1.204,14.124,,,,
01-04-1976,8.294,14.177,2.489,15.135,,,,
01-05-1976,10.942,16.728,5.176,15.778,,,,
01-06-1976,13.086,18.954,7.345,16.448,,,,
01-07-1976,14.155,19.852,8.349,16.864,,,,
01-08-1976,13.511,19.163,7.646,16.671,,,,
01-09-1976,11.895,17.74,6.197,16.185,,,,
01-10-1976,8.511,14.028,3.113,15.167,,,,
01-11-1976,5.66,11.156,0.302,14.299,,,,
01-12-1976,3.681,9.086,-1.708,13.841,,,,
01-01-1977,2.492,7.764,-2.648,13.647,,,,
01-02-1977,3.471,9.135,-2.152,14.001,,,,
01-03-1977,5.702,11.581,-0.035,14.639,,,,
01-04-1977,8.85,14.751,3.058,15.47,,,,
01-05-1977,11.78,17.594,6.009,16.286,,,,
01-06-1977,13.876,19.628,8.058,16.846,,,,
01-07-1977,14.631,20.327,8.971,17.047,,,,
01-08-1977,14.09,19.673,8.464,16.979,,,,
01-09-1977,11.862,17.535,6.35,16.312,,,,
01-10-1977,9.156,14.875,3.586,15.387,,,,
01-11-1977,6.544,11.962,1.259,14.544,,,,
01-12-1977,3.749,9.001,-1.385,13.741,,,,
01-01-1978,2.705,8.006,-2.52,13.587,,,,
01-02-1978,3.456,9.006,-2.149,13.904,,,,
01-03-1978,5.607,11.344,-0.074,14.555,,,,
01-04-1978,8.791,14.628,3.084,15.372,,,,
01-05-1978,11.414,17.131,5.723,16.101,,,,
01-06-1978,13.22,18.891,7.715,16.601,,,,
01-07-1978,14.364,19.911,8.894,16.935,,,,
01-08-1978,13.297,18.974,7.681,16.623,,,,
01-09-1978,12.03,17.64,6.431,16.281,,,,
01-10-1978,9.339,14.964,3.803,15.337,,,,
01-11-1978,6.35,11.685,1.08,14.522,,,,
01-12-1978,3.74,9.195,-1.617,13.793,,,,
01-01-1979,2.679,8.071,-2.625,13.63,,,,
01-02-1979,2.841,8.525,-2.759,13.768,,,,
01-03-1979,5.474,11.331,-0.129,14.565,,,,
01-04-1979,8.455,14.273,2.623,15.391,,,,
01-05-1979,11.199,17.139,5.712,16.076,,,,
01-06-1979,13.487,19.366,7.818,16.772,,,,
01-07-1979,14.114,19.945,8.491,16.992,,,,
01-08-1979,13.833,19.623,8.266,16.978,,,,
01-09-1979,12.247,18.059,6.714,16.45,,,,
01-10-1979,9.586,15.354,4.054,15.557,,,,
01-11-1979,6.286,11.807,0.905,14.609,,,,
01-12-1979,4.6,10,-0.669,14.182,,,,
01-01-1980,2.956,8.468,-2.457,13.812,,,,
01-02-1980,3.652,9.26,-1.864,14.112,,,,
01-03-1980,5.367,11.24,-0.379,14.646,,,,
01-04-1980,8.935,14.821,3.109,15.578,,,,
01-05-1980,11.77,17.713,6.131,16.314,,,,
01-06-1980,13.582,19.375,7.901,16.806,,,,
01-07-1980,14.742,20.466,9.102,17.171,,,,
01-08-1980,14.189,19.814,8.563,17.049,,,,
01-09-1980,12.321,18.121,6.642,16.427,,,,
01-10-1980,9.55,15.17,4.051,15.45,,,,
01-11-1980,6.684,12.196,1.334,14.645,,,,
01-12-1980,4.016,9.431,-1.277,13.892,,,,
01-01-1981,3.785,9.267,-1.298,13.963,,,,
01-02-1981,4.021,9.689,-1.41,14.073,,,,
01-03-1981,6.239,12.05,0.554,14.769,,,,
01-04-1981,8.953,14.817,3.131,15.432,,,,
01-05-1981,11.565,17.471,5.901,16.198,,,,
01-06-1981,13.765,19.611,8.065,16.932,,,,
01-07-1981,14.738,20.398,9.208,17.217,,,,
01-08-1981,14.502,20.293,8.977,17.123,,,,
01-09-1981,12.236,17.95,6.646,16.466,,,,
01-10-1981,9.394,14.979,3.765,15.453,,,,
01-11-1981,6.273,11.669,0.97,14.47,,,,
01-12-1981,4.519,10.068,-0.878,14.098,,,,
01-01-1982,2.558,8.09,-2.777,13.587,,,,
01-02-1982,3.281,8.843,-2.075,13.852,,,,
01-03-1982,4.873,10.667,-0.722,14.337,,,,
01-04-1982,8.465,14.388,2.89,15.33,,,,
01-05-1982,11.348,17.149,5.727,16.144,,,,
01-06-1982,13.245,19.083,7.556,16.625,,,,
01-07-1982,14.545,20.311,9.019,17,,,,
01-08-1982,13.796,19.534,8.465,16.867,,,,
01-09-1982,12.039,17.75,6.675,16.354,,,,
01-10-1982,9.232,14.845,3.917,15.493,,,,
01-11-1982,5.961,11.314,0.909,14.446,,,,
01-12-1982,4.327,9.637,-0.705,14.068,,,,
01-01-1983,3.445,8.747,-1.65,13.979,,,,
01-02-1983,3.814,9.427,-1.592,14.169,,,,
01-03-1983,5.699,11.503,0.097,14.683,,,,
01-04-1983,8.693,14.45,3.053,15.468,,,,
01-05-1983,11.729,17.477,6.144,16.34,,,,
01-06-1983,13.478,19.217,7.819,16.786,,,,
01-07-1983,14.408,20.139,8.829,17.068,,,,
01-08-1983,14.302,20.105,8.729,17.145,,,,
01-09-1983,12.698,18.412,7.08,16.573,,,,
01-10-1983,9.478,15.097,4.011,15.498,,,,
01-11-1983,6.765,12.334,1.421,14.648,,,,
01-12-1983,3.829,9.25,-1.312,13.886,,,,
01-01-1984,2.941,8.338,-2.235,13.701,,,,
01-02-1984,3.093,8.786,-2.452,13.878,,,,
01-03-1984,5.671,11.541,-0.078,14.608,,,,
01-04-1984,8.432,14.335,2.608,15.37,,,,
01-05-1984,11.976,17.86,6.211,16.295,,,,
01-06-1984,13.387,19.05,7.662,16.668,,,,
01-07-1984,14.429,20.109,8.958,16.961,,,,
01-08-1984,13.984,19.83,8.33,16.972,,,,
01-09-1984,12.015,17.718,6.5,16.385,,,,
01-10-1984,9.378,14.891,4.015,15.368,,,,
01-11-1984,5.811,11.243,0.602,14.32,,,,
01-12-1984,3.185,8.411,-1.88,13.604,,,,
01-01-1985,3.01,8.385,-2.22,13.678,,,,
01-02-1985,2.704,8.322,-2.853,13.731,,,,
01-03-1985,5.451,11.194,-0.133,14.526,,,,
01-04-1985,8.633,14.421,2.905,15.356,,,,
01-05-1985,11.426,17.203,5.756,16.136,,,,
01-06-1985,13.569,19.396,7.908,16.713,,,,
01-07-1985,13.973,19.711,8.362,16.906,,,,
01-08-1985,14.059,19.757,8.515,17.013,,,,
01-09-1985,11.98,17.634,6.482,16.357,,,,
01-10-1985,9.338,14.808,4.051,15.476,,,,
01-11-1985,5.968,11.331,0.703,14.388,,,,
01-12-1985,3.785,9.044,-1.368,13.808,,,,
01-01-1986,3.315,8.818,-2.011,13.724,,,,
01-02-1986,3.991,9.699,-1.637,14.084,,,,
01-03-1986,5.755,11.629,0.015,14.608,,,,
01-04-1986,8.871,14.772,3.105,15.452,,,,
01-05-1986,11.581,17.393,5.889,16.163,,,,
01-06-1986,13.439,19.211,7.72,16.696,,,,
01-07-1986,14.293,19.987,8.739,16.991,,,,
01-08-1986,13.972,19.874,8.433,16.938,,,,
01-09-1986,11.817,17.713,6.395,16.285,,,,
01-10-1986,9.299,14.803,3.881,15.455,,,,
01-11-1986,5.919,11.232,0.702,14.407,,,,
01-12-1986,3.751,9.071,-1.399,13.805,,,,
01-01-1987,3.139,8.701,-2.344,13.758,,,,
01-02-1987,4.134,9.792,-1.366,14.161,,,,
01-03-1987,5.245,11.203,-0.467,14.538,,,,
01-04-1987,8.595,14.69,2.835,15.447,,,,
01-05-1987,11.525,17.315,5.798,16.252,,,,
01-06-1987,13.927,19.661,8.105,16.9,,,,
01-07-1987,14.89,20.667,9.326,17.296,,,,
01-08-1987,13.896,19.632,8.32,17.061,,,,
01-09-1987,12.447,18.226,6.878,16.569,,,,
01-10-1987,9.59,15.136,4.094,15.621,,,,
01-11-1987,6.056,11.518,0.71,14.561,,,,
01-12-1987,4.489,9.857,-0.712,14.13,,,,
01-01-1988,3.454,8.864,-1.798,13.978,,,,
01-02-1988,3.422,9.094,-2.031,14.064,,,,
01-03-1988,5.931,11.817,0.366,14.778,,,,
01-04-1988,8.992,14.978,3.289,15.593,,,,
01-05-1988,11.852,17.676,6.143,16.348,,,,
01-06-1988,14.099,19.974,8.356,16.976,,,,
01-07-1988,14.798,20.466,9.186,17.179,,,,
01-08-1988,14.553,20.124,8.905,17.173,,,,
01-09-1988,12.681,18.424,7.08,16.553,,,,
01-10-1988,9.979,15.719,4.363,15.639,,,,
01-11-1988,6.295,11.837,0.841,14.465,,,,
01-12-1988,4.363,9.707,-0.852,13.923,,,,
01-01-1989,2.71,8.095,-2.598,13.566,,,,
01-02-1989,3.627,9.3,-1.924,13.978,,,,
01-03-1989,5.792,11.628,0.131,14.607,,,,
01-04-1989,8.689,14.541,2.737,15.422,,,,
01-05-1989,11.28,17.105,5.494,16.121,,,,
01-06-1989,13.447,19.25,7.871,16.725,,,,
01-07-1989,14.612,20.361,8.989,17.15,,,,
01-08-1989,14.135,19.987,8.595,17.051,,,,
01-09-1989,12.403,18.198,6.675,16.5,,,,
01-10-1989,9.76,15.473,4.1,15.597,,,,
01-11-1989,6.179,11.718,0.749,14.524,,,,
01-12-1989,4.43,9.802,-0.807,14.058,,,,
01-01-1990,3.243,8.557,-1.939,13.891,,,,
01-02-1990,3.643,9.225,-1.795,14.143,,,,
01-03-1990,6.73,12.658,1.036,15.005,,,,
01-04-1990,9.169,15.058,3.373,15.683,,,,
01-05-1990,11.831,17.642,6.086,16.397,,,,
01-06-1990,13.893,19.786,8.167,16.995,,,,
01-07-1990,14.784,20.401,9.158,17.246,,,,
01-08-1990,14.095,19.956,8.514,17.11,,,,
01-09-1990,12.195,17.993,6.597,16.465,,,,
01-10-1990,9.882,15.72,4.285,15.747,,,,
01-11-1990,6.92,12.561,1.345,14.77,,,,
01-12-1990,4.425,9.935,-0.922,14.1,,,,
01-01-1991,3.195,8.506,-1.907,13.859,,,,
01-02-1991,4.044,9.774,-1.499,14.201,,,,
01-03-1991,5.574,11.411,-0.129,14.689,,,,
01-04-1991,9.226,15.123,3.414,15.716,,,,
01-05-1991,11.616,17.441,6.009,16.37,,,,
01-06-1991,14.263,19.903,8.509,17.052,,,,
01-07-1991,14.987,20.643,9.273,17.348,,,,
01-08-1991,14.319,20.036,8.61,17.163,,,,
01-09-1991,12.677,18.539,7.004,16.572,,,,
01-10-1991,9.753,15.553,4.122,15.619,,,,
01-11-1991,6.44,11.862,1.121,14.607,,,,
01-12-1991,4.059,9.284,-1.061,13.98,,,,
01-01-1992,3.579,8.914,-1.655,13.961,,,,
01-02-1992,3.931,9.491,-1.595,14.181,,,,
01-03-1992,5.952,11.692,0.253,14.771,,,,
01-04-1992,8.572,14.366,2.785,15.51,,,,
01-05-1992,11.535,17.346,5.796,16.319,,,,
01-06-1992,13.576,19.36,7.818,16.886,,,,
01-07-1992,14.139,19.853,8.421,17.001,,,,
01-08-1992,13.766,19.435,8.131,16.9,,,,
01-09-1992,11.672,17.289,6.132,16.243,,,,
01-10-1992,9.353,15.152,3.676,15.419,,,,
01-11-1992,5.889,11.303,0.463,14.343,,,,
01-12-1992,4.075,9.455,-1.063,13.902,,,,
01-01-1993,3.301,8.666,-1.919,13.896,,,,
01-02-1993,3.745,9.42,-1.744,14.085,,,,
01-03-1993,5.923,11.791,0.141,14.725,,,,
01-04-1993,8.69,14.585,2.823,15.482,,,,
01-05-1993,11.475,17.289,5.674,16.231,,,,
01-06-1993,13.518,19.292,7.767,16.859,,,,
01-07-1993,14.595,20.228,8.947,17.155,,,,
01-08-1993,13.835,19.584,8.228,16.926,,,,
01-09-1993,11.93,17.639,6.287,16.381,,,,
01-10-1993,9.614,15.294,3.987,15.543,,,,
01-11-1993,5.738,11.091,0.363,14.41,,,,
01-12-1993,4.035,9.358,-1.139,13.904,,,,
01-01-1994,3.024,8.336,-2.274,13.731,,,,
01-02-1994,2.81,8.594,-2.768,13.773,,,,
01-03-1994,5.731,11.663,-0.131,14.713,,,,
01-04-1994,9.018,14.961,3.162,15.584,,,,
01-05-1994,11.684,17.582,5.682,16.348,,,,
01-06-1994,14.144,19.932,8.288,17.021,,,,
01-07-1994,14.658,20.421,8.947,17.183,,,,
01-08-1994,13.977,19.808,8.274,17.036,,,,
01-09-1994,12.516,18.335,6.821,16.498,,,,
01-10-1994,10.002,15.606,4.543,15.743,,,,
01-11-1994,6.788,12.2,1.311,14.754,,,,
01-12-1994,4.113,9.313,-1.102,14.036,,,,
01-01-1995,3.54,8.895,-1.769,13.945,,,,
01-02-1995,4.656,10.257,-0.879,14.388,,,,
01-03-1995,5.956,11.784,0.265,14.783,,,,
01-04-1995,8.972,14.839,3.162,15.587,,,,
01-05-1995,11.57,17.301,5.758,16.279,,,,
01-06-1995,14.164,20.115,8.232,17.008,,,,
01-07-1995,15.116,20.803,9.331,17.375,,,,
01-08-1995,14.636,20.409,8.808,17.297,,,,
01-09-1995,12.565,18.382,6.921,16.58,,,,
01-10-1995,10.106,15.749,4.49,15.748,,,,
01-11-1995,6.761,12.387,1.266,14.713,,,,
01-12-1995,4.123,9.396,-1.143,13.951,,,,
01-01-1996,2.862,8.351,-2.512,13.721,,,,
01-02-1996,4.012,9.769,-1.762,14.207,,,,
01-03-1996,5.524,11.411,-0.285,14.658,,,,
01-04-1996,8.679,14.471,2.717,15.541,,,,
01-05-1996,11.588,17.437,5.792,16.272,,,,
01-06-1996,13.681,19.405,7.854,16.847,,,,
01-07-1996,14.827,20.65,9.123,17.22,,,,
01-08-1996,14.603,20.416,8.918,17.21,,,,
01-09-1996,12.294,17.974,6.711,16.444,,,,
01-10-1996,9.525,15.191,3.929,15.516,,,,
01-11-1996,6.547,11.952,1.178,14.607,,,,
01-12-1996,4.325,9.82,-1.089,14.053,,,,
01-01-1997,3.165,8.588,-2.134,13.818,,,,
01-02-1997,3.766,9.456,-1.885,14.178,,,,
01-03-1997,6.012,11.808,0.19,14.873,,,,
01-04-1997,8.891,14.817,2.967,15.634,,,,
01-05-1997,11.593,17.378,5.802,16.388,,,,
01-06-1997,14.131,19.913,8.334,17.158,,,,
01-07-1997,14.565,20.26,8.825,17.307,,,,
01-08-1997,14.256,20.13,8.579,17.266,,,,
01-09-1997,12.685,18.555,6.973,16.766,,,,
01-10-1997,10.109,15.682,4.665,15.935,,,,
01-11-1997,6.841,12.195,1.503,14.952,,,,
01-12-1997,4.417,9.634,-0.737,14.291,,,,
01-01-1998,3.352,8.555,-1.776,14.063,,,,
01-02-1998,4.826,10.475,-0.768,14.611,,,,
01-03-1998,6.023,11.888,0.301,14.958,,,,
01-04-1998,9.358,15.255,3.439,15.884,,,,
01-05-1998,12.291,18.182,6.372,16.671,,,,
01-06-1998,14.521,20.404,8.778,17.289,,,,
01-07-1998,15.34,20.972,9.715,17.609,,,,
01-08-1998,14.874,20.505,9.344,17.491,,,,
01-09-1998,12.673,18.336,7.152,16.657,,,,
01-10-1998,9.941,15.506,4.45,15.768,,,,
01-11-1998,6.404,11.872,1.039,14.697,,,,
01-12-1998,4.669,10.083,-0.656,14.214,,,,
01-01-1999,3.544,8.877,-1.732,13.933,,,,
01-02-1999,4.694,10.4,-0.957,14.367,,,,
01-03-1999,5.53,11.4,-0.274,14.676,,,,
01-04-1999,8.838,14.807,2.931,15.572,,,,
01-05-1999,11.706,17.613,5.824,16.298,,,,
01-06-1999,14.031,19.831,8.205,16.957,,,,
01-07-1999,14.853,20.578,9.24,17.218,,,,
01-08-1999,14.348,20.158,8.696,17.1,,,,
01-09-1999,12.723,18.472,7.109,16.605,,,,
01-10-1999,9.997,15.583,4.491,15.675,,,,
01-11-1999,6.592,12.121,1.107,14.673,,,,
01-12-1999,4.565,9.953,-0.692,14.13,,,,
01-01-2000,2.95,8.349,-2.322,13.773,,,,
01-02-2000,4.184,9.863,-1.371,14.266,,,,
01-03-2000,6.219,12.205,0.376,14.846,,,,
01-04-2000,9.552,15.534,3.68,15.762,,,,
01-05-2000,11.874,17.721,5.997,16.395,,,,
01-06-2000,14.06,19.847,8.243,17,,,,
01-07-2000,14.848,20.665,9.098,17.242,,,,
01-08-2000,14.519,20.308,8.796,17.243,,,,
01-09-2000,12.547,18.373,6.822,16.613,,,,
01-10-2000,9.486,15.069,4,15.588,,,,
01-11-2000,6.312,11.67,0.996,14.632,,,,
01-12-2000,3.863,9.182,-1.333,13.968,,,,
01-01-2001,3.336,8.827,-2.078,13.936,,,,
01-02-2001,3.72,9.486,-1.997,14.179,,,,
01-03-2001,6.208,12.131,0.411,14.982,,,,
01-04-2001,9.245,15.174,3.234,15.808,,,,
01-05-2001,12.271,18.185,6.35,16.569,,,,
01-06-2001,14.11,19.962,8.218,17.151,,,,
01-07-2001,15.161,20.923,9.428,17.45,,,,
01-08-2001,14.427,20.332,8.664,17.294,,,,
01-09-2001,12.736,18.581,7.07,16.758,,,,
01-10-2001,9.935,15.578,4.353,15.831,,,,
01-11-2001,7.319,12.89,1.92,15.011,,,,
01-12-2001,4.507,9.841,-0.685,14.241,,,,
01-01-2002,4.026,9.459,-1.322,14.258,,,,
01-02-2002,4.704,10.435,-0.948,14.505,,,,
01-03-2002,6.772,12.775,0.894,15.198,,,,
01-04-2002,9.229,15.146,3.308,15.818,,,,
01-05-2002,12.248,18.157,6.199,16.605,,,,
01-06-2002,14.084,19.912,8.184,17.11,,,,
01-07-2002,15.354,21.199,9.409,17.487,,,,
01-08-2002,14.56,20.444,8.807,17.328,,,,
01-09-2002,12.95,18.785,7.16,16.799,,,,
01-10-2002,9.988,15.599,4.484,15.859,,,,
01-11-2002,6.892,12.48,1.389,14.856,,,,
01-12-2002,4.038,9.357,-1.189,14.127,,,,
01-01-2003,3.981,9.558,-1.481,14.207,,,,
01-02-2003,4.085,9.749,-1.48,14.359,,,,
01-03-2003,6.048,11.972,0.215,14.973,,,,
01-04-2003,9.154,15.033,3.209,15.774,,,,
01-05-2003,12.153,18.118,6.208,16.567,,,,
01-06-2003,14.017,19.77,8.222,17.104,,,,
01-07-2003,14.983,20.757,9.223,17.423,,,,
01-08-2003,14.691,20.48,8.974,17.402,,,,
01-09-2003,12.911,18.692,7.221,16.839,,,,
01-10-2003,10.424,16.115,4.74,15.997,,,,
01-11-2003,6.727,12.203,1.347,14.838,,,,
01-12-2003,5.133,10.545,-0.179,14.436,,,,
01-01-2004,3.525,8.901,-1.65,14.097,,,,
01-02-2004,4.499,10.171,-1.182,14.488,,,,
01-03-2004,6.321,12.275,0.376,14.992,,,,
01-04-2004,9.249,15.132,3.285,15.811,,,,
01-05-2004,11.571,17.296,5.707,16.383,,,,
01-06-2004,13.889,19.66,8.035,17.006,,,,
01-07-2004,14.312,20.087,8.624,17.227,,,,
01-08-2004,14.188,20.011,8.382,17.266,,,,
01-09-2004,12.642,18.451,6.907,16.745,,,,
01-10-2004,10.127,15.843,4.511,15.889,,,,
01-11-2004,7.315,12.796,1.91,15.022,,,,
01-12-2004,4.257,9.593,-0.932,14.161,,,,
01-01-2005,3.808,9.026,-1.377,14.159,,,,
01-02-2005,3.92,9.508,-1.534,14.293,,,,
01-03-2005,6.544,12.316,0.813,15.106,,,,
01-04-2005,9.618,15.551,3.697,15.978,,,,
01-05-2005,12.226,17.995,6.392,16.629,,,,
01-06-2005,14.476,20.104,8.863,17.248,,,,
01-07-2005,15.19,20.88,9.569,17.503,,,,
01-08-2005,14.51,20.25,8.934,17.375,,,,
01-09-2005,13.217,19.11,7.412,16.903,,,,
01-10-2005,10.601,16.235,5.004,16.025,,,,
01-11-2005,7.423,12.944,1.988,15.005,,,,
01-12-2005,4.878,10.279,-0.395,14.327,,,,
01-01-2006,3.286,8.617,-1.942,13.99,,,,
01-02-2006,4.43,10.124,-1.229,14.435,,,,
01-03-2006,6.329,12.239,0.56,14.966,,,,
01-04-2006,9.055,15.004,3.081,15.729,,,,
01-05-2006,11.786,17.65,5.791,16.463,,,,
01-06-2006,14.443,20.317,8.53,17.216,,,,
01-07-2006,15.042,20.905,9.288,17.419,,,,
01-08-2006,14.913,20.79,9.147,17.479,,,,
01-09-2006,12.875,18.779,7.081,16.792,,,,
01-10-2006,10.289,15.925,4.796,15.935,,,,
01-11-2006,6.955,12.448,1.518,14.931,,,,
01-12-2006,4.987,10.346,-0.243,14.407,,,,
01-01-2007,4.579,10.084,-0.818,14.417,,,,
01-02-2007,4.221,10.039,-1.503,14.408,,,,
01-03-2007,6.485,12.483,0.517,15.017,,,,
01-04-2007,9.823,15.807,3.88,15.93,,,,
01-05-2007,12.518,18.395,6.568,16.629,,,,
01-06-2007,14.309,20.223,8.37,17.168,,,,
01-07-2007,15.23,21.108,9.482,17.485,,,,
01-08-2007,14.752,20.641,9.032,17.339,,,,
01-09-2007,12.93,18.838,7.18,16.737,,,,
01-10-2007,10.332,16.134,4.609,15.867,,,,
01-11-2007,7.084,12.772,1.478,14.821,,,,
01-12-2007,4.523,9.873,-0.684,14.11,,,,
01-01-2008,2.844,8.155,-2.383,13.719,,,,
01-02-2008,3.576,9.351,-2.106,14.061,,,,
01-03-2008,6.906,12.992,0.879,15.077,,,,
01-04-2008,9.295,15.42,3.175,15.735,,,,
01-05-2008,12.054,17.989,6.053,16.497,,,,
01-06-2008,14.145,19.973,8.266,17.077,,,,
01-07-2008,15.174,21.006,9.407,17.449,,,,
01-08-2008,14.377,20.176,8.594,17.282,,,,
01-09-2008,12.802,18.629,7.116,16.757,,,,
01-10-2008,10.399,16.038,4.847,15.931,,,,
01-11-2008,7.224,12.738,1.796,14.919,,,,
01-12-2008,4.385,9.834,-0.946,14.151,,,,
01-01-2009,3.687,9.176,-1.756,14.091,,,,
01-02-2009,4.094,9.822,-1.545,14.267,,,,
01-03-2009,6.086,12.065,0.132,14.873,,,,
01-04-2009,9.367,15.377,3.32,15.819,,,,
01-05-2009,12.112,18.01,6.141,16.571,,,,
01-06-2009,14.201,20.056,8.3,17.26,,,,
01-07-2009,15.231,21.085,9.456,17.578,,,,
01-08-2009,14.655,20.577,8.855,17.427,,,,
01-09-2009,13.153,19.006,7.397,16.864,,,,
01-10-2009,10.136,15.79,4.563,15.91,,,,
01-11-2009,7.031,12.574,1.64,14.968,,,,
01-12-2009,4.31,9.661,-0.94,14.298,,,,
01-01-2010,3.737,9.245,-1.677,14.208,,,,
01-02-2010,4.399,10.034,-1.107,14.517,,,,
01-03-2010,6.738,12.669,0.796,15.223,,,,
01-04-2010,9.671,15.616,3.759,16.039,,,,
01-05-2010,12.406,18.173,6.524,16.732,,,,
01-06-2010,14.421,20.252,8.489,17.271,,,,
01-07-2010,15.213,20.97,9.551,17.532,,,,
01-08-2010,14.768,20.656,8.984,17.412,,,,
01-09-2010,12.863,18.603,7.252,16.761,,,,
01-10-2010,10.442,16.115,4.905,15.939,,,,
01-11-2010,7.487,13.168,1.95,14.995,,,,
01-12-2010,4.292,9.887,-1.139,14.117,,,,
01-01-2011,3.282,8.722,-2.034,13.928,,,,
01-02-2011,3.743,9.435,-1.906,14.193,,,,
01-03-2011,6.101,11.963,0.314,14.88,,,,
01-04-2011,9.483,15.45,3.524,15.832,,,,
01-05-2011,11.986,17.917,6.023,16.523,,,,
01-06-2011,14.37,20.231,8.48,17.203,,,,
01-07-2011,15.482,21.32,9.684,17.568,,,,
01-08-2011,15.012,20.922,9.208,17.475,,,,
01-09-2011,12.912,18.89,6.998,16.762,,,,
01-10-2011,10.352,16.075,4.85,15.873,,,,
01-11-2011,6.814,12.395,1.432,14.799,,,,
01-12-2011,4.655,10.098,-0.641,14.198,,,,
01-01-2012,3.157,8.691,-2.233,13.859,,,,
01-02-2012,3.628,9.379,-2.067,14.164,,,,
01-03-2012,6.023,12.025,0.075,14.863,,,,
01-04-2012,9.676,15.679,3.689,15.881,,,,
01-05-2012,12.59,18.611,6.461,16.699,,,,
01-06-2012,14.492,20.43,8.505,17.252,,,,
01-07-2012,15.076,21.006,9.229,17.45,,,,
01-08-2012,14.72,20.709,8.84,17.42,,,,
01-09-2012,13.04,19.074,7.176,16.882,,,,
01-10-2012,10.428,16.203,4.765,16.019,,,,
01-11-2012,7.156,12.689,1.796,15.001,,,,
01-12-2012,4.102,9.498,-1.162,14.138,,,,
