Country,Data source,Sector,Gas,Unit,2018,2017,2016,2015,2014,2013,2012,2011,2010,2009,2008,2007,2006,2005,2004,2003,2002,2001,2000,1999,1998,1997,1996,1995,1994,1993,1992,1991,1990,1989,1988,1987,1986,1985,1984,1983,1982,1981,1980,1979,1978,1977,1976,1975,1974,1973,1972,1971,1970,1969,1968,1967,1966,1965,1964,1963,1962,1961,1960,1959,1958,1957,1956,1955,1954,1953,1952,1951,1950,1949,1948,1947,1946,1945,1944,1943,1942,1941,1940,1939,1938,1937,1936,1935,1934,1933,1932,1931,1930,1929,1928,1927,1926,1925,1924,1923,1922,1921,1920,1919,1918,1917,1916,1915,1914,1913,1912,1911,1910,1909,1908,1907,1906,1905,1904,1903,1902,1901,1900,1899,1898,1897,1896,1895,1894,1893,1892,1891,1890,1889,1888,1887,1886,1885,1884,1883,1882,1881,1880,1879,1878,1877,1876,1875,1874,1873,1872,1871,1870,1869,1868,1867,1866,1865,1864,1863,1862,1861,1860,1859,1858,1857,1856,1855,1854,1853,1852,1851,1850
India,CAIT,Total including LUCF,All GHG,MtCO₂e,,,3235.66,3177.2,3163.7,2994.46,2943.69,2800.43,2457.76,2355.66,2170.72,2078.82,1936.95,1803.32,1728.85,1634.28,1591.5,1569.36,1664.02,1627.12,1548.0,1515.75,1459.04,1413.99,1347.49,1301.28,1269.78,1238.06,1183.05,,,,,,,,,,,,,,,,,,,,,,,,,,,,,,,,,,,,,,,,,,,,,,,,,,,,,,,,,,,,,,,,,,,,,,,,,,,,,,,,,,,,,,,,,,,,,,,,,,,,,,,,,,,,,,,,,,,,,,,,,,,,,,,,,,,,,,,,,,,,
India,CAIT,Total excluding LUCF,All GHG,MtCO₂e,,,3109.23,3052.9,3036.79,2867.09,2810.1,2673.67,2572.8,2469.45,2295.12,2200.53,2061.21,1966.93,1888.79,1797.65,1758.62,1735.61,1712.43,1674.19,1596.67,1564.46,1507.51,1456.46,1389.97,1343.75,1312.26,1280.54,1225.53,,,,,,,,,,,,,,,,,,,,,,,,,,,,,,,,,,,,,,,,,,,,,,,,,,,,,,,,,,,,,,,,,,,,,,,,,,,,,,,,,,,,,,,,,,,,,,,,,,,,,,,,,,,,,,,,,,,,,,,,,,,,,,,,,,,,,,,,,,,,
India,PIK,Total excluding LULUCF,KYOTOGHG,MtCO₂e,,2980.0,2900.0,2810.0,2740.0,2550.0,2530.0,2380.0,2260.0,2280.0,2120.0,1980.0,1880.0,1810.0,1750.0,1690.0,1640.0,1640.0,1650.0,1620.0,1550.0,1520.0,1480.0,1410.0,1350.0,1290.0,1260.0,1210.0,1160.0,1130.0,1070.0,1000.0,970.0,930.0,886.0,862.0,822.0,814.0,775.0,759.0,738.0,731.0,710.0,695.0,661.0,655.0,646.0,627.0,614.0,611.0,599.0,576.0,567.0,551.0,534.0,529.0,514.0,496.0,478.0,462.0,450.0,440.0,423.0,413.0,400.0,391.0,384.0,376.0,370.0,364.0,359.0,358.0,356.0,355.0,349.0,347.0,353.0,352.0,350.0,345.0,343.0,333.0,324.0,320.0,313.0,304.0,301.0,301.0,303.0,302.0,300.0,303.0,303.0,305.0,307.0,306.0,307.0,308.0,305.0,313.0,307.0,301.0,298.0,295.0,292.0,289.0,284.0,279.0,277.0,277.0,277.0,273.0,270.0,267.0,266.0,264.0,263.0,261.0,259.0,257.0,255.0,253.0,252.0,250.0,247.0,246.0,245.0,243.0,241.0,239.0,236.0,234.0,231.0,228.0,226.0,223.0,220.0,217.0,214.0,211.0,207.0,203.0,199.0,195.0,191.0,186.0,182.0,177.0,173.0,168.0,164.0,159.0,154.0,149.0,144.0,139.0,134.0,129.0,123.0,118.0,112.0,106.0,99.9,93.8,87.5,81.1,74.6,68.0,61.3
India,GCP,Total fossil fuels and cement,CO2,MtCO₂e,2654.1,2456.95,2371.75,2298.17,2199.4,1994.1,1979.05,1811.96,1700.03,1720.12,1547.99,1390.25,1287.15,1210.15,1145.55,1091.87,1047.6,1035.64,1029.64,995.23,933.55,915.05,878.83,811.46,764.24,722.89,698.76,656.74,616.58,576.4,525.08,486.07,455.07,424.26,385.93,376.68,347.82,337.11,312.48,295.3,281.54,277.65,262.53,251.19,231.18,223.6,217.18,205.33,194.73,190.4,187.1,172.09,171.69,165.96,150.64,154.07,143.45,130.39,120.58,,,,,,,,,,,,,,,,,,,,,,,,,,,,,,,,,,,,,,,,,,,,,,,,,,,,,,,,,,,,,,,,,,,,,,,,,,,,,,,,,,,,,,,,,,,,,,,,,,,,,,,,,,,,,,
India,CAIT,Total including LUCF,CO2,MtCO₂e,,,2307.61,2257.91,2243.32,2076.24,2022.81,1881.69,1544.41,1455.54,1280.13,1197.76,1080.39,966.6,912.67,836.25,813.92,779.89,884.88,849.87,784.48,768.05,725.01,689.93,635.89,600.54,578.56,556.14,511.32,,,,,,,,,,,,,,,,,,,,,,,,,,,,,,,,,,,,,,,,,,,,,,,,,,,,,,,,,,,,,,,,,,,,,,,,,,,,,,,,,,,,,,,,,,,,,,,,,,,,,,,,,,,,,,,,,,,,,,,,,,,,,,,,,,,,,,,,,,,,
India,PIK,Total excluding LULUCF,CO2,MtCO₂e,,2300.0,2230.0,2150.0,2090.0,1900.0,1880.0,1730.0,1620.0,1640.0,1490.0,1350.0,1280.0,1210.0,1160.0,1100.0,1060.0,1060.0,1070.0,1040.0,979.0,968.0,937.0,874.0,828.0,779.0,755.0,709.0,669.0,628.0,573.0,528.0,498.0,469.0,430.0,415.0,391.0,385.0,357.0,347.0,331.0,329.0,317.0,304.0,282.0,279.0,276.0,260.0,252.0,250.0,243.0,226.0,221.0,212.0,194.0,194.0,181.0,165.0,153.0,140.0,132.0,124.0,111.0,105.0,96.1,89.8,86.3,81.0,76.8,71.5,67.9,67.5,66.4,66.9,61.5,60.3,67.2,67.0,66.2,62.4,62.7,55.9,50.7,50.8,48.3,43.4,43.5,45.8,49.1,47.9,45.8,46.9,44.4,44.1,44.3,41.2,39.8,40.2,37.4,45.7,42.0,37.4,35.8,35.4,33.9,33.6,30.5,26.6,25.2,25.7,26.5,23.2,20.7,17.9,17.4,15.5,15.2,13.7,12.4,10.5,9.47,8.54,7.87,7.26,5.79,5.67,5.38,4.89,4.54,4.12,3.51,3.16,2.85,2.54,2.81,2.52,2.26,1.9,1.95,1.75,1.84,1.82,1.77,1.7,1.61,1.5,1.38,1.25,1.12,0.99,0.87,0.76,0.67,0.59,0.6,0.64,0.57,0.52,0.67,0.66,0.41,0.52,0.36,0.35,0.33,0.31,0.29,0.28,0.27
India,CAIT,Energy,All GHG,MtCO₂e,,,2193.49,2142.72,2132.69,1970.11,1920.36,1784.91,1701.39,1615.95,1449.65,1368.96,1252.97,1178.56,1124.86,1047.25,1024.27,990.42,975.38,939.43,876.98,861.28,819.88,786.16,733.29,698.13,675.84,652.33,607.91,,,,,,,,,,,,,,,,,,,,,,,,,,,,,,,,,,,,,,,,,,,,,,,,,,,,,,,,,,,,,,,,,,,,,,,,,,,,,,,,,,,,,,,,,,,,,,,,,,,,,,,,,,,,,,,,,,,,,,,,,,,,,,,,,,,,,,,,,,,,
India,CAIT,Total excluding LUCF,CO2,MtCO₂e,,,2188.88,2139.38,2124.78,1957.73,1904.31,1763.19,1673.78,1584.91,1409.52,1327.15,1209.77,1134.85,1080.92,1004.48,982.17,948.13,935.05,900.01,834.63,818.21,775.18,740.07,686.03,650.68,628.7,606.28,561.46,,,,,,,,,,,,,,,,,,,,,,,,,,,,,,,,,,,,,,,,,,,,,,,,,,,,,,,,,,,,,,,,,,,,,,,,,,,,,,,,,,,,,,,,,,,,,,,,,,,,,,,,,,,,,,,,,,,,,,,,,,,,,,,,,,,,,,,,,,,,
India,PIK,Energy,KYOTOGHG,MtCO₂e,,2200.0,2130.0,2050.0,1980.0,1800.0,1790.0,1640.0,1540.0,1570.0,1430.0,1300.0,1230.0,1170.0,1130.0,1080.0,1050.0,1050.0,1060.0,1030.0,961.0,942.0,906.0,838.0,787.0,744.0,721.0,678.0,642.0,621.0,568.0,524.0,489.0,458.0,422.0,412.0,384.0,373.0,348.0,330.0,316.0,312.0,297.0,287.0,266.0,257.0,250.0,238.0,229.0,223.0,219.0,203.0,200.0,193.0,177.0,178.0,166.0,152.0,142.0,131.0,124.0,119.0,107.0,103.0,95.6,90.9,88.6,84.4,81.2,76.7,73.8,73.8,72.6,73.3,68.1,67.1,74.2,74.2,73.8,70.4,71.0,64.5,59.6,59.9,57.6,52.9,53.2,55.6,58.9,58.0,56.0,57.6,55.4,55.2,55.5,52.5,51.2,51.5,48.6,56.7,52.8,48.0,46.2,45.6,43.9,43.4,40.1,36.0,34.4,34.6,35.0,31.4,28.6,25.4,24.5,22.3,21.6,19.8,18.2,16.0,14.7,13.6,12.6,11.8,10.1,9.8,9.31,8.64,8.13,7.25,6.63,6.26,5.93,5.61,5.86,5.56,5.28,4.9,4.93,4.7,4.77,4.73,4.66,4.56,4.45,4.31,4.17,4.02,3.87,3.73,3.59,3.47,3.36,3.27,3.27,3.28,3.21,3.14,3.27,3.25,2.99,3.08,2.91,2.88,2.84,2.81,2.78,2.75,2.72
India,CAIT,Energy,CO2,MtCO₂e,,,2078.38,2027.48,2016.88,1853.33,1802.91,1666.6,1582.61,1499.86,1336.54,1258.64,1145.44,1074.11,1023.87,949.91,930.77,900.37,889.08,854.78,794.18,780.23,740.78,708.71,657.39,623.98,603.54,581.58,539.11,,,,,,,,,,,,,,,,,,,,,,,,,,,,,,,,,,,,,,,,,,,,,,,,,,,,,,,,,,,,,,,,,,,,,,,,,,,,,,,,,,,,,,,,,,,,,,,,,,,,,,,,,,,,,,,,,,,,,,,,,,,,,,,,,,,,,,,,,,,,
India,PIK,Energy,CO2,MtCO₂e,,2120.0,2050.0,1970.0,1910.0,1720.0,1710.0,1570.0,1470.0,1500.0,1360.0,1230.0,1160.0,1090.0,1050.0,999.0,967.0,966.0,976.0,940.0,879.0,859.0,826.0,759.0,711.0,670.0,647.0,606.0,574.0,537.0,489.0,452.0,423.0,397.0,362.0,355.0,329.0,319.0,297.0,281.0,267.0,264.0,249.0,240.0,222.0,214.0,208.0,197.0,187.0,184.0,181.0,166.0,164.0,157.0,142.0,144.0,133.0,120.0,111.0,101.0,95.6,91.4,81.4,78.6,72.2,68.8,67.5,64.1,61.4,57.4,54.8,55.1,54.1,55.0,50.1,49.3,56.6,56.9,56.7,53.7,54.7,48.7,44.2,44.9,43.1,38.9,39.5,42.2,45.8,45.1,43.3,45.1,43.0,43.0,43.4,40.6,39.4,39.9,37.2,45.4,41.7,37.2,35.6,35.1,33.6,33.3,30.3,26.4,25.0,25.5,26.3,23.0,20.6,17.8,17.3,15.4,15.1,13.6,12.3,10.4,9.41,8.48,7.81,7.21,5.75,5.63,5.34,4.85,4.51,4.09,3.48,3.14,2.83,2.52,2.79,2.51,2.25,1.89,1.94,1.73,1.83,1.81,1.76,1.69,1.6,1.49,1.37,1.24,1.11,0.98,0.86,0.75,0.66,0.59,0.6,0.63,0.57,0.51,0.66,0.66,0.41,0.52,0.36,0.34,0.33,0.31,0.29,0.28,0.26
India,GCP,Coal,CO2,MtCO₂e,1711.46,1574.16,1515.36,1486.93,1486.59,1325.07,1362.43,1209.85,1092.64,1087.53,1006.68,931.17,855.0,797.42,740.5,691.78,661.61,643.36,633.18,619.53,579.3,583.28,557.61,521.38,503.69,478.72,454.72,434.42,405.1,375.38,350.56,322.58,301.93,279.95,255.86,257.0,235.56,232.44,218.11,199.64,193.08,196.2,186.7,178.32,160.97,152.32,148.52,140.33,136.56,136.35,136.86,131.63,129.3,128.72,117.08,122.04,114.13,104.87,97.13,,,,,,,,,,,,,,,,,,,,,,,,,,,,,,,,,,,,,,,,,,,,,,,,,,,,,,,,,,,,,,,,,,,,,,,,,,,,,,,,,,,,,,,,,,,,,,,,,,,,,,,,,,,,,,
India,CAIT,Electricity/Heat,CO2,MtCO₂e,,,1111.3,1101.8,1117.0,1004.7,995.1,866.3,821.0,791.0,721.3,701.2,638.8,599.6,584.7,536.4,513.6,505.3,491.2,459.6,418.2,402.1,388.2,364.9,319.8,306.7,278.6,258.9,232.0,,,,,,,,,,,,,,,,,,,,,,,,,,,,,,,,,,,,,,,,,,,,,,,,,,,,,,,,,,,,,,,,,,,,,,,,,,,,,,,,,,,,,,,,,,,,,,,,,,,,,,,,,,,,,,,,,,,,,,,,,,,,,,,,,,,,,,,,,,,,
India,CAIT,Electricity/Heat,All GHG,MtCO₂e,,,1111.3,1101.8,1117.0,1004.7,995.1,866.3,821.0,791.0,721.3,701.2,638.8,599.6,584.7,536.4,513.6,505.3,491.2,459.6,418.2,402.1,388.2,364.9,319.8,306.7,278.6,258.9,232.0,,,,,,,,,,,,,,,,,,,,,,,,,,,,,,,,,,,,,,,,,,,,,,,,,,,,,,,,,,,,,,,,,,,,,,,,,,,,,,,,,,,,,,,,,,,,,,,,,,,,,,,,,,,,,,,,,,,,,,,,,,,,,,,,,,,,,,,,,,,,
India,CAIT,Agriculture,All GHG,MtCO₂e,,,704.16,700.1,699.8,698.36,696.0,701.9,691.65,681.79,687.49,679.9,662.58,647.85,628.6,618.87,607.1,623.08,617.94,623.28,619.68,612.42,607.05,599.65,595.23,587.23,580.52,574.02,566.64,,,,,,,,,,,,,,,,,,,,,,,,,,,,,,,,,,,,,,,,,,,,,,,,,,,,,,,,,,,,,,,,,,,,,,,,,,,,,,,,,,,,,,,,,,,,,,,,,,,,,,,,,,,,,,,,,,,,,,,,,,,,,,,,,,,,,,,,,,,,
India,CAIT,Total including LUCF,CH4,MtCO₂e,,,663.63,656.28,659.8,660.15,661.57,659.73,660.79,655.71,654.17,648.74,634.47,624.7,612.75,602.11,590.23,596.18,590.34,586.75,578.39,568.54,561.99,557.16,549.57,544.67,538.98,534.21,528.42,,,,,,,,,,,,,,,,,,,,,,,,,,,,,,,,,,,,,,,,,,,,,,,,,,,,,,,,,,,,,,,,,,,,,,,,,,,,,,,,,,,,,,,,,,,,,,,,,,,,,,,,,,,,,,,,,,,,,,,,,,,,,,,,,,,,,,,,,,,,
India,CAIT,Total excluding LUCF,CH4,MtCO₂e,,,658.02,652.04,653.72,653.61,650.59,653.63,650.24,644.33,650.52,643.1,630.7,621.29,606.65,598.59,589.41,594.72,589.05,584.49,577.29,567.46,560.74,551.55,543.95,539.06,533.36,528.59,522.8,,,,,,,,,,,,,,,,,,,,,,,,,,,,,,,,,,,,,,,,,,,,,,,,,,,,,,,,,,,,,,,,,,,,,,,,,,,,,,,,,,,,,,,,,,,,,,,,,,,,,,,,,,,,,,,,,,,,,,,,,,,,,,,,,,,,,,,,,,,,
India,GCP,Oil,CO2,MtCO₂e,706.23,670.94,648.43,598.82,510.5,460.8,435.0,412.17,413.92,454.46,403.07,335.46,316.64,299.77,296.61,293.61,284.6,297.83,303.5,285.25,262.89,244.2,243.16,216.28,198.95,186.88,188.05,166.42,158.17,150.71,133.62,127.67,121.86,116.76,106.1,99.17,94.41,89.71,83.18,82.66,75.32,68.56,63.44,61.84,60.63,61.75,58.88,55.44,49.33,45.35,42.25,32.7,35.68,30.81,28.12,27.11,24.89,21.31,19.44,,,,,,,,,,,,,,,,,,,,,,,,,,,,,,,,,,,,,,,,,,,,,,,,,,,,,,,,,,,,,,,,,,,,,,,,,,,,,,,,,,,,,,,,,,,,,,,,,,,,,,,,,,,,,,
India,CAIT,Manufacturing/Construction,CO2,MtCO₂e,,,533.8,507.5,506.9,473.8,433.0,449.7,414.2,367.5,315.9,290.0,257.8,231.5,202.2,189.6,202.3,188.4,187.5,184.2,177.8,169.9,155.4,155.7,162.4,152.7,155.1,152.1,148.0,,,,,,,,,,,,,,,,,,,,,,,,,,,,,,,,,,,,,,,,,,,,,,,,,,,,,,,,,,,,,,,,,,,,,,,,,,,,,,,,,,,,,,,,,,,,,,,,,,,,,,,,,,,,,,,,,,,,,,,,,,,,,,,,,,,,,,,,,,,,
India,CAIT,Manufacturing/Construction,All GHG,MtCO₂e,,,533.8,507.5,506.9,473.8,433.0,449.7,414.2,367.5,315.9,290.0,257.8,231.5,202.2,189.6,202.3,188.4,187.5,184.2,177.8,169.9,155.4,155.7,162.4,152.7,155.1,152.1,148.0,,,,,,,,,,,,,,,,,,,,,,,,,,,,,,,,,,,,,,,,,,,,,,,,,,,,,,,,,,,,,,,,,,,,,,,,,,,,,,,,,,,,,,,,,,,,,,,,,,,,,,,,,,,,,,,,,,,,,,,,,,,,,,,,,,,,,,,,,,,,
India,PIK,Total excluding LULUCF,CH4,MtCO₂e,,507.5,502.5,495.0,495.0,492.5,490.0,492.5,490.0,490.0,490.0,487.5,485.0,482.5,475.0,475.0,472.5,482.5,485.0,482.5,477.5,472.5,465.0,460.0,452.5,447.5,442.5,440.0,432.5,445.0,435.0,417.5,417.5,407.5,402.5,397.5,382.5,382.5,375.0,367.5,365.0,360.0,352.5,350.0,342.5,340.0,335.0,335.0,330.0,330.0,325.0,320.0,317.5,310.0,312.5,307.5,307.5,305.0,300.0,297.5,295.0,292.5,287.5,285.0,282.5,277.5,275.0,272.5,272.5,270.0,270.0,270.0,270.0,267.5,267.5,267.5,267.5,265.0,265.0,265.0,262.5,257.5,255.0,250.0,246.5,242.75,239.5,237.25,236.0,236.0,237.0,238.75,241.0,243.5,246.0,248.25,250.0,250.0,250.0,250.0,249.0,247.5,245.5,243.5,241.5,239.5,237.75,236.5,235.5,235.0,234.75,234.25,234.0,233.75,233.5,233.25,232.75,232.5,232.0,231.25,230.5,229.75,229.0,228.0,227.0,226.0,224.75,223.5,222.5,220.5,218.75,216.75,214.75,212.5,210.25,207.75,205.0,202.25,199.5,196.5,193.25,190.0,186.75,183.0,179.5,175.75,171.75,167.75,163.5,159.25,154.75,150.25,145.75,140.75,136.0,131.0,125.75,120.5,115.0,109.5,104.0,98.25,92.25,86.25,80.25,74.0,67.75,61.25,54.75
India,CAIT,Agriculture,CH4,MtCO₂e,,,491.33,486.03,487.7,487.6,484.57,487.62,484.24,481.29,490.43,485.97,476.54,470.09,459.17,454.83,449.37,458.4,456.45,457.74,456.39,452.4,451.53,448.18,446.43,443.75,440.22,437.62,433.99,,,,,,,,,,,,,,,,,,,,,,,,,,,,,,,,,,,,,,,,,,,,,,,,,,,,,,,,,,,,,,,,,,,,,,,,,,,,,,,,,,,,,,,,,,,,,,,,,,,,,,,,,,,,,,,,,,,,,,,,,,,,,,,,,,,,,,,,,,,,
India,PIK,Agriculture,KYOTOGHG,MtCO₂e,,483.0,479.0,475.0,475.0,473.0,471.0,474.0,468.0,462.0,468.0,463.0,452.0,443.0,430.0,425.0,417.0,428.0,425.0,429.0,427.0,423.0,420.0,415.0,413.0,409.0,404.0,401.0,396.0,391.0,387.0,372.0,379.0,372.0,368.0,362.0,348.0,348.0,341.0,335.0,332.0,327.0,319.0,318.0,311.0,309.0,305.0,305.0,302.0,301.0,297.0,293.0,290.0,285.0,288.0,284.0,284.0,284.0,279.0,277.0,276.0,274.0,272.0,270.0,268.0,266.0,264.0,263.0,262.0,262.0,261.0,261.0,260.0,260.0,259.0,259.0,259.0,258.0,258.0,257.0,255.0,253.0,249.0,246.0,242.0,239.0,236.0,234.0,233.0,234.0,235.0,237.0,239.0,242.0,245.0,247.0,249.0,250.0,251.0,250.0,249.0,248.0,246.0,244.0,243.0,241.0,240.0,238.0,238.0,238.0,238.0,238.0,238.0,238.0,238.0,238.0,238.0,238.0,238.0,237.0,237.0,236.0,236.0,235.0,234.0,233.0,232.0,231.0,230.0,229.0,227.0,225.0,223.0,220.0,218.0,215.0,213.0,210.0,207.0,204.0,200.0,196.0,192.0,188.0,184.0,180.0,176.0,171.0,167.0,163.0,158.0,154.0,149.0,144.0,139.0,134.0,129.0,124.0,119.0,113.0,107.0,102.0,95.6,89.6,83.4,77.1,70.6,64.0,57.4
India,PIK,Agriculture,CH4,MtCO₂e,,372.5,370.0,367.5,367.5,367.5,365.0,367.5,365.0,365.0,372.5,370.0,362.5,357.5,350.0,347.5,345.0,352.5,352.5,355.0,355.0,355.0,355.0,355.0,355.0,352.5,350.0,347.5,345.0,342.5,337.5,327.5,332.5,330.0,327.5,322.5,312.5,312.5,307.5,302.5,300.0,297.5,290.0,290.0,285.0,285.0,280.0,280.0,277.5,277.5,275.0,272.5,270.0,265.0,267.5,265.0,265.0,265.0,260.0,260.0,257.5,257.5,255.0,252.5,250.0,249.25,247.75,246.5,245.75,245.5,245.0,244.75,244.5,244.5,244.25,244.25,244.0,244.0,243.75,242.75,241.0,238.25,235.0,231.5,227.75,224.5,222.0,220.0,219.0,219.5,220.75,222.75,225.25,228.0,230.75,233.25,235.25,236.5,236.75,236.25,235.25,234.0,232.25,230.5,228.75,227.25,225.75,224.75,224.25,224.25,224.0,224.25,224.25,224.5,224.75,224.75,225.0,224.75,224.75,224.25,224.0,223.5,222.75,222.25,221.5,220.5,219.75,218.75,217.75,216.5,214.75,212.75,210.75,208.5,206.25,203.75,201.0,198.5,195.5,192.5,189.5,186.25,182.75,179.25,175.75,171.75,168.0,164.0,159.75,155.5,151.25,146.5,142.0,137.25,132.25,127.25,122.25,117.0,111.5,106.0,100.5,94.75,88.75,82.75,76.75,70.5,64.25,57.75,51.25
India,CAIT,Transportation,CO2,MtCO₂e,,,265.3,254.5,233.0,223.7,219.2,207.2,191.3,177.3,162.0,141.8,119.7,114.7,108.0,99.5,97.7,94.9,95.1,93.3,88.8,85.8,83.8,78.3,70.8,68.6,68.5,66.9,64.4,,,,,,,,,,,,,,,,,,,,,,,,,,,,,,,,,,,,,,,,,,,,,,,,,,,,,,,,,,,,,,,,,,,,,,,,,,,,,,,,,,,,,,,,,,,,,,,,,,,,,,,,,,,,,,,,,,,,,,,,,,,,,,,,,,,,,,,,,,,,
India,CAIT,Transportation,All GHG,MtCO₂e,,,265.3,254.5,233.0,223.7,219.2,207.2,191.3,177.3,162.0,141.8,119.7,114.7,108.0,99.5,97.7,94.9,95.1,93.3,88.8,85.8,83.8,78.3,70.8,68.6,68.5,66.9,64.4,,,,,,,,,,,,,,,,,,,,,,,,,,,,,,,,,,,,,,,,,,,,,,,,,,,,,,,,,,,,,,,,,,,,,,,,,,,,,,,,,,,,,,,,,,,,,,,,,,,,,,,,,,,,,,,,,,,,,,,,,,,,,,,,,,,,,,,,,,,,
India,CAIT,Total including LUCF,N2O,MtCO₂e,,,247.43,247.61,245.95,244.22,246.24,246.73,241.06,233.53,226.14,222.64,213.04,203.58,195.16,187.82,179.42,185.54,181.23,183.78,179.25,174.12,167.84,163.54,159.01,153.4,149.92,145.73,141.68,,,,,,,,,,,,,,,,,,,,,,,,,,,,,,,,,,,,,,,,,,,,,,,,,,,,,,,,,,,,,,,,,,,,,,,,,,,,,,,,,,,,,,,,,,,,,,,,,,,,,,,,,,,,,,,,,,,,,,,,,,,,,,,,,,,,,,,,,,,,
India,CAIT,Total excluding LUCF,N2O,MtCO₂e,,,245.35,246.08,243.67,241.9,242.14,244.57,237.28,229.31,224.8,220.62,211.68,202.33,192.94,186.49,179.12,185.02,180.77,182.97,178.86,173.74,167.39,161.49,156.96,151.35,147.87,143.68,139.63,,,,,,,,,,,,,,,,,,,,,,,,,,,,,,,,,,,,,,,,,,,,,,,,,,,,,,,,,,,,,,,,,,,,,,,,,,,,,,,,,,,,,,,,,,,,,,,,,,,,,,,,,,,,,,,,,,,,,,,,,,,,,,,,,,,,,,,,,,,,
India,CAIT,Agriculture,N2O,MtCO₂e,,,212.83,214.08,212.1,210.75,211.42,214.28,207.41,200.51,197.06,193.93,186.05,177.76,169.43,164.04,157.73,164.68,161.49,165.54,163.29,160.02,155.52,151.47,148.8,143.48,140.29,136.4,132.64,,,,,,,,,,,,,,,,,,,,,,,,,,,,,,,,,,,,,,,,,,,,,,,,,,,,,,,,,,,,,,,,,,,,,,,,,,,,,,,,,,,,,,,,,,,,,,,,,,,,,,,,,,,,,,,,,,,,,,,,,,,,,,,,,,,,,,,,,,,,
India,PIK,Industrial Processes and Product Use,KYOTOGHG,MtCO₂e,,194.0,194.0,194.0,188.0,182.0,176.0,168.0,160.0,161.0,142.0,137.0,122.0,117.0,116.0,107.0,98.6,94.1,92.2,97.0,97.8,104.0,106.0,111.0,112.0,106.0,105.0,101.0,93.0,89.1,80.8,75.4,73.0,72.3,68.7,61.4,63.6,67.7,61.2,69.0,66.3,68.5,71.8,67.4,62.9,68.0,70.2,63.4,64.6,68.8,65.2,62.5,59.6,56.9,53.9,51.3,48.4,45.9,43.2,40.1,36.9,33.7,30.4,27.3,24.6,21.8,19.5,17.6,16.0,14.8,13.7,13.0,12.7,12.4,11.8,11.4,11.0,10.4,9.74,8.99,8.22,7.44,6.72,6.05,5.38,4.73,4.2,3.74,3.33,2.95,2.56,1.78,1.4,1.04,0.72,0.44,0.23,0.1,0.05,0.04,0.04,0.04,0.04,0.04,0.04,0.04,0.03,0.03,0.03,0.03,0.03,0.03,0.03,0.02,0.02,0.02,0.02,0.02,0.02,0.02,0.01,0.01,0.01,0.01,0.01,0.01,0.0,0.0,0.0,0.0,0.0,0.0,0.0,0.0,0.0,0.0,0.0,0.0,0.0,0.0,0.0,0.0,0.0,0.0,0.0,0.0,0.0,0.0,0.0,0.0,0.0,0.0,0.0,0.0,0.0,0.0,0.0,0.0,0.0,0.0,0.0,0.0,0.0,0.0,0.0,0.0,0.0,0.0,0.0
India,PIK,Industrial Processes and Product Use,CO2,MtCO₂e,,156.0,158.0,159.0,154.0,149.0,148.0,142.0,135.0,127.0,113.0,106.0,99.8,95.3,89.6,85.6,81.5,77.3,75.6,82.6,83.6,93.0,96.4,101.0,102.0,96.4,95.8,91.8,84.7,81.2,73.8,68.4,65.8,63.9,60.2,53.7,56.2,59.7,54.1,60.7,59.1,61.4,64.0,60.8,57.5,62.4,65.8,61.0,62.5,64.8,61.4,58.9,56.3,53.9,51.3,49.0,46.4,44.1,41.6,38.5,35.4,32.3,29.0,26.0,23.3,20.6,18.3,16.5,14.9,13.8,12.7,12.0,11.9,11.5,11.0,10.6,10.3,9.75,9.08,8.37,7.63,6.88,6.18,5.54,4.89,4.26,3.75,3.31,2.92,2.58,2.22,1.48,1.15,0.84,0.56,0.33,0.15,0.04,0.0,0.0,0.0,0.0,0.0,0.0,0.0,0.0,0.0,0.0,0.0,0.0,0.0,0.0,0.0,0.0,0.0,0.0,0.0,0.0,0.0,0.0,0.0,0.0,0.0,0.0,0.0,0.0,0.0,0.0,0.0,0.0,0.0,0.0,0.0,0.0,0.0,0.0,0.0,0.0,0.0,0.0,0.0,0.0,0.0,0.0,0.0,0.0,0.0,0.0,0.0,0.0,0.0,0.0,0.0,0.0,0.0,0.0,0.0,0.0,0.0,0.0,0.0,0.0,0.0,0.0,0.0,0.0,0.0,0.0,0.0
India,PIK,Total excluding LULUCF,N2O,MtCO₂e,,143.34,140.66,139.17,136.78,134.4,129.33,129.03,124.27,129.03,122.78,117.11,110.56,104.0,98.34,93.27,88.51,89.1,86.72,84.33,80.16,75.39,70.33,66.16,61.69,59.9,58.11,56.02,54.24,53.34,52.75,49.17,50.36,48.57,47.68,45.89,43.21,43.51,41.12,41.12,39.93,38.74,37.85,37.55,33.97,33.97,31.89,30.1,29.29,30.1,29.2,28.22,27.15,26.02,25.87,25.06,24.7,24.44,23.1,22.86,22.65,22.41,22.17,21.93,21.69,21.46,21.25,21.04,20.86,20.65,20.38,20.09,19.76,19.4,19.07,18.77,18.51,18.3,18.18,18.09,18.0,17.91,17.82,17.76,17.67,17.61,17.52,17.46,17.4,17.34,17.25,17.16,17.11,17.02,16.93,16.81,16.75,16.66,16.57,16.51,16.45,16.39,16.33,16.27,16.21,16.15,16.09,16.03,15.94,15.88,15.79,15.7,15.62,15.53,15.41,15.32,15.23,15.14,15.05,14.96,14.9,14.81,14.72,14.66,14.6,14.51,14.45,14.39,14.3,13.77,13.65,13.56,13.44,13.35,13.23,13.11,12.99,12.84,12.67,12.4,11.95,11.41,10.79,10.13,9.48,8.91,8.43,8.08,7.93,7.87,7.84,7.81,7.78,7.72,7.69,7.66,7.63,7.57,7.54,7.48,7.39,7.3,7.18,7.06,6.94,6.79,6.62,6.47,6.32
India,CAIT,Industrial Processes,All GHG,MtCO₂e,,,130.61,130.19,125.52,120.95,117.19,111.41,105.42,98.63,86.19,81.15,76.4,72.54,68.61,66.1,63.09,59.21,57.49,55.6,49.88,46.36,41.94,37.75,34.29,31.9,30.06,29.0,26.45,,,,,,,,,,,,,,,,,,,,,,,,,,,,,,,,,,,,,,,,,,,,,,,,,,,,,,,,,,,,,,,,,,,,,,,,,,,,,,,,,,,,,,,,,,,,,,,,,,,,,,,,,,,,,,,,,,,,,,,,,,,,,,,,,,,,,,,,,,,,
India,CAIT,Land-Use Change and Forestry,All GHG,MtCO₂e,,,126.43,124.29,126.91,127.37,133.59,126.75,-115.04,-113.78,-124.4,-121.72,-124.25,-163.6,-159.94,-163.37,-167.13,-166.25,-48.42,-47.07,-48.67,-48.71,-48.48,-42.47,-42.47,-42.47,-42.47,-42.47,-42.47,,,,,,,,,,,,,,,,,,,,,,,,,,,,,,,,,,,,,,,,,,,,,,,,,,,,,,,,,,,,,,,,,,,,,,,,,,,,,,,,,,,,,,,,,,,,,,,,,,,,,,,,,,,,,,,,,,,,,,,,,,,,,,,,,,,,,,,,,,,,
India,CAIT,Other Fuel Combustion,All GHG,MtCO₂e,,,119.04,116.72,116.88,112.34,118.11,105.87,122.23,132.89,112.25,101.8,105.16,104.91,105.31,101.41,96.01,92.8,90.7,91.07,84.44,93.61,88.88,84.95,81.42,76.06,76.41,75.85,70.59,,,,,,,,,,,,,,,,,,,,,,,,,,,,,,,,,,,,,,,,,,,,,,,,,,,,,,,,,,,,,,,,,,,,,,,,,,,,,,,,,,,,,,,,,,,,,,,,,,,,,,,,,,,,,,,,,,,,,,,,,,,,,,,,,,,,,,,,,,,,
India,CAIT,Land-Use Change and Forestry,CO2,MtCO₂e,,,118.73,118.54,118.54,118.51,118.5,118.5,-129.37,-129.37,-129.39,-129.39,-129.38,-168.26,-168.25,-168.23,-168.25,-168.24,-50.16,-50.14,-50.15,-50.16,-50.17,-50.14,-50.14,-50.14,-50.14,-50.14,-50.14,,,,,,,,,,,,,,,,,,,,,,,,,,,,,,,,,,,,,,,,,,,,,,,,,,,,,,,,,,,,,,,,,,,,,,,,,,,,,,,,,,,,,,,,,,,,,,,,,,,,,,,,,,,,,,,,,,,,,,,,,,,,,,,,,,,,,,,,,,,,
India,CAIT,Industrial Processes,CO2,MtCO₂e,,,110.6,111.8,108.0,104.3,101.4,96.49,91.37,85.05,73.08,68.51,64.23,60.84,56.95,54.47,51.5,47.66,45.97,45.13,40.45,37.98,34.6,31.46,28.54,26.6,25.16,24.5,22.35,,,,,,,,,,,,,,,,,,,,,,,,,,,,,,,,,,,,,,,,,,,,,,,,,,,,,,,,,,,,,,,,,,,,,,,,,,,,,,,,,,,,,,,,,,,,,,,,,,,,,,,,,,,,,,,,,,,,,,,,,,,,,,,,,,,,,,,,,,,,
India,GCP,Cement,CO2,MtCO₂e,125.25,108.9,110.56,111.82,108.02,104.32,101.45,96.49,91.37,85.05,73.08,68.51,64.23,60.84,56.95,54.47,51.5,47.66,45.97,45.13,40.45,37.98,34.6,31.46,28.54,26.6,25.16,24.5,22.35,20.79,18.23,16.41,16.01,14.39,12.59,10.95,9.68,8.89,7.54,7.75,8.42,8.32,8.28,7.29,6.5,6.92,7.36,7.05,6.49,6.44,5.87,5.82,5.57,5.4,4.94,4.77,4.38,4.2,4.0,,,,,,,,,,,,,,,,,,,,,,,,,,,,,,,,,,,,,,,,,,,,,,,,,,,,,,,,,,,,,,,,,,,,,,,,,,,,,,,,,,,,,,,,,,,,,,,,,,,,,,,,,,,,,,
India,CAIT,Building,All GHG,MtCO₂e,,,109.2,106.9,102.9,98.4,96.6,96.7,92.8,89.6,83.3,81.6,81.3,80.0,79.0,76.7,74.7,71.3,72.7,73.4,70.4,72.9,67.3,65.4,63.5,58.9,58.6,59.3,56.4,,,,,,,,,,,,,,,,,,,,,,,,,,,,,,,,,,,,,,,,,,,,,,,,,,,,,,,,,,,,,,,,,,,,,,,,,,,,,,,,,,,,,,,,,,,,,,,,,,,,,,,,,,,,,,,,,,,,,,,,,,,,,,,,,,,,,,,,,,,,
India,CAIT,Building,CO2,MtCO₂e,,,109.2,106.9,102.9,98.4,96.6,96.7,92.8,89.6,83.3,81.6,81.3,80.0,79.0,76.7,74.7,71.3,72.7,73.4,70.4,72.9,67.3,65.4,63.5,58.9,58.6,59.3,56.4,,,,,,,,,,,,,,,,,,,,,,,,,,,,,,,,,,,,,,,,,,,,,,,,,,,,,,,,,,,,,,,,,,,,,,,,,,,,,,,,,,,,,,,,,,,,,,,,,,,,,,,,,,,,,,,,,,,,,,,,,,,,,,,,,,,,,,,,,,,,
India,CAIT,Energy,CH4,MtCO₂e,,,99.59,99.85,100.79,101.73,102.67,103.61,104.55,101.95,99.35,96.76,94.16,91.56,88.21,84.85,81.5,78.14,74.79,74.39,73.99,73.59,73.2,72.8,72.4,70.84,69.28,67.73,66.17,,,,,,,,,,,,,,,,,,,,,,,,,,,,,,,,,,,,,,,,,,,,,,,,,,,,,,,,,,,,,,,,,,,,,,,,,,,,,,,,,,,,,,,,,,,,,,,,,,,,,,,,,,,,,,,,,,,,,,,,,,,,,,,,,,,,,,,,,,,,
India,GCP,Gas,CO2,MtCO₂e,109.51,101.3,95.75,98.91,92.62,101.8,78.09,91.37,100.24,91.17,63.05,52.7,49.44,50.44,49.58,49.99,47.13,43.57,43.87,42.32,47.6,46.02,39.75,39.05,29.0,27.0,27.26,23.56,21.1,18.52,15.21,12.78,10.31,7.2,6.17,5.24,4.36,2.88,2.49,3.03,2.74,2.48,2.29,1.73,1.36,1.17,1.21,1.08,0.92,1.0,0.75,0.49,0.31,0.28,0.02,0.01,0.01,0.0,0.0,,,,,,,,,,,,,,,,,,,,,,,,,,,,,,,,,,,,,,,,,,,,,,,,,,,,,,,,,,,,,,,,,,,,,,,,,,,,,,,,,,,,,,,,,,,,,,,,,,,,,,,,,,,,,,
India,PIK,Waste,KYOTOGHG,MtCO₂e,,86.2,84.7,83.1,81.5,79.9,76.7,75.6,74.3,73.2,72.2,70.9,69.5,68.0,66.6,65.2,63.9,62.8,61.6,56.1,50.3,44.4,38.6,32.9,27.2,26.6,26.0,25.4,24.8,24.3,23.7,23.2,22.6,21.9,21.5,21.0,20.4,19.9,19.3,18.9,18.5,18.0,17.5,17.1,16.7,16.3,15.9,15.5,15.1,14.7,14.3,13.8,13.3,12.8,12.3,11.8,11.3,10.9,10.6,10.2,9.92,9.62,9.33,9.06,8.8,8.55,8.31,8.07,7.85,7.63,7.4,7.19,6.97,6.76,6.56,6.37,6.19,6.02,5.87,5.72,5.58,5.45,5.32,5.2,5.08,4.96,4.84,4.73,4.62,4.5,4.39,4.28,4.17,4.07,3.96,3.86,3.76,3.65,3.55,3.45,3.36,3.26,3.16,3.07,2.97,2.88,2.79,2.7,2.61,2.53,2.44,2.35,2.26,2.18,2.1,2.02,1.95,1.88,1.83,1.77,1.72,1.67,1.63,1.58,1.54,1.51,1.47,1.44,1.42,1.33,1.32,1.31,1.3,1.29,1.29,1.28,1.27,1.26,1.26,1.25,1.24,1.23,1.21,1.2,1.19,1.18,1.17,1.17,1.16,1.16,1.16,1.16,1.16,1.16,1.16,1.16,1.16,1.16,1.16,1.16,1.17,1.17,1.17,1.17,1.17,1.17,1.18,1.18,1.18
India,PIK,Agriculture,N2O,MtCO₂e,,83.14,82.25,82.84,81.95,81.35,81.65,82.84,80.16,76.88,75.1,73.31,69.73,66.16,62.58,60.2,57.22,59.3,57.51,57.51,55.43,52.75,50.06,47.38,45.0,43.51,42.32,41.12,39.93,39.34,38.74,35.16,36.65,34.87,33.97,32.48,30.1,30.1,28.76,27.86,27.51,26.08,24.7,25.12,22.71,22.86,22.62,22.44,21.66,21.34,20.83,20.14,19.4,18.6,18.8,18.33,18.24,18.21,16.99,16.9,16.78,16.66,16.54,16.45,16.33,16.21,16.12,16.0,15.91,15.79,15.62,15.41,15.2,14.96,14.72,14.51,14.33,14.21,14.16,14.13,14.13,14.13,14.1,14.1,14.1,14.1,14.07,14.07,14.04,14.04,13.98,13.95,13.92,13.86,13.8,13.74,13.71,13.68,13.62,13.62,13.59,13.56,13.56,13.53,13.5,13.5,13.47,13.44,13.44,13.38,13.35,13.32,13.26,13.23,13.17,13.14,13.08,13.05,13.02,12.96,12.93,12.9,12.87,12.84,12.81,12.78,12.75,12.72,12.69,12.22,12.13,12.07,12.01,11.92,11.86,11.77,11.68,11.56,11.41,11.18,10.79,10.28,9.71,9.09,8.49,7.96,7.54,7.21,7.09,7.09,7.09,7.06,7.06,7.06,7.06,7.06,7.06,7.03,7.03,7.0,6.97,6.91,6.82,6.73,6.62,6.53,6.41,6.26,6.14
India,CAIT,Waste,All GHG,MtCO₂e,,,80.98,79.89,78.78,77.67,76.56,75.45,74.34,73.07,71.8,70.53,69.25,67.98,66.71,65.44,64.17,62.89,61.62,55.88,50.14,44.39,38.65,32.9,27.16,26.5,25.85,25.19,24.54,,,,,,,,,,,,,,,,,,,,,,,,,,,,,,,,,,,,,,,,,,,,,,,,,,,,,,,,,,,,,,,,,,,,,,,,,,,,,,,,,,,,,,,,,,,,,,,,,,,,,,,,,,,,,,,,,,,,,,,,,,,,,,,,,,,,,,,,,,,,
India,PIK,Waste,CH4,MtCO₂e,,68.0,67.25,66.5,65.75,65.0,63.5,62.5,61.25,61.0,60.75,60.5,60.25,59.75,59.25,58.75,58.5,58.0,57.75,52.5,47.0,41.5,36.0,30.5,25.0,24.55,24.0,23.45,22.93,22.43,21.88,21.4,20.88,20.35,19.88,19.43,18.95,18.45,17.98,17.55,17.15,16.73,16.33,15.93,15.53,15.15,14.75,14.43,13.93,13.68,13.25,12.8,12.35,11.88,11.43,10.98,10.58,10.18,9.85,9.53,9.23,8.95,8.68,8.4,8.15,7.93,7.68,7.48,7.25,7.05,6.88,6.68,6.5,6.33,6.18,6.0,5.85,5.7,5.55,5.43,5.3,5.15,5.03,4.9,4.8,4.68,4.58,4.45,4.35,4.23,4.13,4.03,3.9,3.8,3.7,3.6,3.5,3.4,3.33,3.23,3.13,3.03,2.93,2.85,2.75,2.65,2.58,2.49,2.41,2.32,2.24,2.16,2.07,1.99,1.92,1.84,1.77,1.71,1.66,1.61,1.56,1.51,1.46,1.42,1.38,1.35,1.32,1.29,1.27,1.17,1.17,1.16,1.15,1.14,1.14,1.13,1.12,1.12,1.11,1.11,1.1,1.1,1.09,1.09,1.08,1.08,1.08,1.08,1.07,1.07,1.07,1.07,1.07,1.08,1.08,1.08,1.08,1.08,1.08,1.08,1.08,1.08,1.08,1.09,1.09,1.09,1.1,1.1,1.1
India,CAIT,Waste,CH4,MtCO₂e,,,66.96,66.03,65.09,64.15,63.21,62.27,61.33,60.96,60.6,60.23,59.87,59.5,59.14,58.77,58.41,58.04,57.68,52.25,46.81,41.38,35.94,30.51,25.08,24.47,23.86,23.25,22.64,,,,,,,,,,,,,,,,,,,,,,,,,,,,,,,,,,,,,,,,,,,,,,,,,,,,,,,,,,,,,,,,,,,,,,,,,,,,,,,,,,,,,,,,,,,,,,,,,,,,,,,,,,,,,,,,,,,,,,,,,,,,,,,,,,,,,,,,,,,,
India,PIK,Energy,CH4,MtCO₂e,,65.75,64.0,62.0,60.0,58.25,60.25,62.75,63.25,63.5,56.75,58.25,60.5,62.75,65.25,67.25,69.75,71.75,74.75,75.0,73.75,75.75,74.25,74.25,72.5,70.75,70.0,68.75,65.5,81.25,76.0,69.25,63.5,57.75,57.0,54.25,52.75,51.25,48.5,47.25,46.25,46.25,45.75,45.0,42.5,40.75,40.25,39.25,39.25,37.25,36.5,35.5,34.75,34.0,33.0,32.0,31.25,30.25,29.25,28.25,27.25,26.0,24.68,23.4,22.2,21.1,20.15,19.38,18.83,18.48,18.15,17.9,17.68,17.48,17.28,17.08,16.85,16.63,16.33,16.0,15.63,15.2,14.75,14.3,13.88,13.45,13.1,12.78,12.55,12.35,12.18,12.03,11.88,11.73,11.58,11.43,11.28,11.13,10.95,10.78,10.6,10.4,10.23,10.03,9.83,9.6,9.38,9.15,8.93,8.65,8.35,8.0,7.65,7.28,6.9,6.53,6.18,5.85,5.58,5.33,5.08,4.83,4.6,4.38,4.15,3.95,3.78,3.6,3.43,3.0,2.98,2.95,2.95,2.93,2.9,2.88,2.88,2.85,2.83,2.83,2.8,2.78,2.78,2.75,2.73,2.73,2.7,2.68,2.68,2.65,2.63,2.63,2.6,2.6,2.58,2.55,2.55,2.53,2.53,2.5,2.48,2.47,2.46,2.44,2.43,2.41,2.4,2.39,2.37
India,CAIT,Other Fuel Combustion,CO2,MtCO₂e,,,57.3,55.3,55.6,51.2,57.1,45.0,61.5,72.6,52.4,42.4,46.2,46.4,48.0,45.3,41.1,39.1,38.2,39.9,34.6,45.1,41.7,39.1,36.9,32.1,33.0,33.0,28.3,,,,,,,,,,,,,,,,,,,,,,,,,,,,,,,,,,,,,,,,,,,,,,,,,,,,,,,,,,,,,,,,,,,,,,,,,,,,,,,,,,,,,,,,,,,,,,,,,,,,,,,,,,,,,,,,,,,,,,,,,,,,,,,,,,,,,,,,,,,,
India,CAIT,Fugitive Emissions,All GHG,MtCO₂e,,,54.95,55.2,56.11,57.07,58.35,59.04,60.05,57.66,55.0,52.56,50.11,47.94,45.55,43.54,40.06,37.62,38.18,37.76,37.34,36.97,36.49,37.0,35.27,35.06,38.63,39.08,36.52,,,,,,,,,,,,,,,,,,,,,,,,,,,,,,,,,,,,,,,,,,,,,,,,,,,,,,,,,,,,,,,,,,,,,,,,,,,,,,,,,,,,,,,,,,,,,,,,,,,,,,,,,,,,,,,,,,,,,,,,,,,,,,,,,,,,,,,,,,,,
India,CAIT,Fugitive Emissions,CH4,MtCO₂e,,,53.47,53.73,54.63,55.53,56.44,57.34,58.25,55.8,53.36,50.92,48.47,46.03,43.58,41.14,38.69,36.25,33.8,33.38,32.96,32.54,32.12,31.7,31.28,30.08,28.89,27.7,26.51,,,,,,,,,,,,,,,,,,,,,,,,,,,,,,,,,,,,,,,,,,,,,,,,,,,,,,,,,,,,,,,,,,,,,,,,,,,,,,,,,,,,,,,,,,,,,,,,,,,,,,,,,,,,,,,,,,,,,,,,,,,,,,,,,,,,,,,,,,,,
India,CAIT,Other Fuel Combustion,CH4,MtCO₂e,,,46.12,46.13,46.16,46.2,46.23,46.26,46.3,46.15,45.99,45.84,45.69,45.54,44.63,43.71,42.8,41.89,40.98,41.01,41.03,41.05,41.08,41.1,41.13,40.76,40.39,40.03,39.66,,,,,,,,,,,,,,,,,,,,,,,,,,,,,,,,,,,,,,,,,,,,,,,,,,,,,,,,,,,,,,,,,,,,,,,,,,,,,,,,,,,,,,,,,,,,,,,,,,,,,,,,,,,,,,,,,,,,,,,,,,,,,,,,,,,,,,,,,,,,
India,PIK,Total excluding LULUCF,F-Gas,MtCO₂e,,29.7,28.6,27.5,26.4,25.3,24.2,23.1,22.3,20.7,19.0,21.3,13.6,13.8,20.3,16.2,12.5,12.6,12.6,11.0,10.7,7.6,6.87,7.19,6.85,7.06,6.74,7.02,6.41,5.97,4.85,4.56,4.55,5.36,5.11,4.09,3.99,3.93,3.62,3.64,3.35,2.97,3.02,2.36,1.97,2.07,2.38,2.06,1.8,2.01,1.93,1.84,1.76,1.66,1.57,1.48,1.4,1.32,1.26,1.2,1.14,1.08,1.03,0.97,0.92,0.87,0.83,0.79,0.75,0.72,0.69,0.65,0.63,0.6,0.57,0.55,0.53,0.51,0.49,0.47,0.46,0.45,0.45,0.44,0.43,0.43,0.42,0.41,0.39,0.36,0.32,0.28,0.23,0.19,0.14,0.1,0.07,0.04,0.03,0.03,0.03,0.03,0.03,0.03,0.02,0.02,0.02,0.02,0.02,0.02,0.02,0.02,0.02,0.02,0.02,0.02,0.01,0.01,0.01,0.01,0.01,0.01,0.01,0.01,0.0,0.0,0.0,0.0,0.0,0.0,0.0,0.0,0.0,0.0,0.0,0.0,0.0,0.0,0.0,0.0,0.0,0.0,0.0,0.0,0.0,0.0,0.0,0.0,0.0,0.0,0.0,0.0,0.0,0.0,0.0,0.0,0.0,0.0,0.0,0.0,0.0,0.0,0.0,0.0,0.0,0.0,0.0,0.0,0.0
India,PIK,Industrial Processes and Product Use,F-Gas,MtCO₂e,,29.7,28.6,27.5,26.4,25.3,24.2,23.1,22.3,20.7,19.0,21.3,13.6,13.8,20.3,16.2,12.5,12.6,12.6,11.0,10.7,7.6,6.87,7.19,6.85,7.06,6.74,7.02,6.41,5.97,4.85,4.56,4.55,5.36,5.11,4.09,3.99,3.93,3.62,3.64,3.35,2.97,3.02,2.36,1.97,2.07,2.38,2.06,1.8,2.01,1.93,1.84,1.76,1.66,1.57,1.48,1.4,1.32,1.26,1.2,1.14,1.08,1.03,0.97,0.92,0.87,0.83,0.79,0.75,0.72,0.69,0.65,0.63,0.6,0.57,0.55,0.53,0.51,0.49,0.47,0.46,0.45,0.45,0.44,0.43,0.43,0.42,0.41,0.39,0.36,0.32,0.28,0.23,0.19,0.14,0.1,0.07,0.04,0.03,0.03,0.03,0.03,0.03,0.03,0.02,0.02,0.02,0.02,0.02,0.02,0.02,0.02,0.02,0.02,0.02,0.02,0.01,0.01,0.01,0.01,0.01,0.01,0.01,0.01,0.0,0.0,0.0,0.0,0.0,0.0,0.0,0.0,0.0,0.0,0.0,0.0,0.0,0.0,0.0,0.0,0.0,0.0,0.0,0.0,0.0,0.0,0.0,0.0,0.0,0.0,0.0,0.0,0.0,0.0,0.0,0.0,0.0,0.0,0.0,0.0,0.0,0.0,0.0,0.0,0.0,0.0,0.0,0.0,0.0
India,PIK,Agriculture,CO2,MtCO₂e,,26.5,25.8,25.2,24.6,24.0,23.9,23.5,22.4,21.3,21.3,20.7,19.6,17.9,16.8,16.1,15.1,16.2,15.8,16.8,16.5,16.0,15.2,14.3,13.7,12.9,12.3,11.6,11.1,10.5,10.5,8.47,9.53,8.33,7.75,6.8,5.97,5.63,5.18,5.25,4.4,4.21,3.51,3.06,3.08,2.47,2.66,2.52,2.0,1.23,1.21,1.11,1.11,1.08,0.98,1.0,0.94,0.85,0.78,0.72,0.68,0.65,0.58,0.56,0.52,0.49,0.48,0.46,0.44,0.41,0.39,0.39,0.38,0.38,0.35,0.34,0.39,0.39,0.39,0.37,0.37,0.33,0.3,0.3,0.29,0.26,0.27,0.29,0.31,0.31,0.3,0.31,0.3,0.3,0.3,0.28,0.27,0.28,0.26,0.32,0.29,0.26,0.25,0.24,0.23,0.23,0.21,0.18,0.17,0.18,0.18,0.16,0.14,0.12,0.12,0.11,0.11,0.1,0.09,0.07,0.07,0.06,0.06,0.05,0.04,0.04,0.04,0.04,0.03,0.03,0.03,0.02,0.02,0.02,0.02,0.02,0.02,0.01,0.01,0.01,0.01,0.01,0.01,0.01,0.01,0.01,0.01,0.01,0.01,0.01,0.01,0.01,0.0,0.0,0.0,0.0,0.0,0.0,0.0,0.0,0.0,0.0,0.0,0.0,0.0,0.0,0.0,0.0,0.0
India,CAIT,Bunker Fuels,CO2,MtCO₂e,,,20.4,18.5,17.1,16.4,15.8,16.5,15.6,14.7,13.8,13.9,12.3,10.5,9.1,8.0,7.4,7.3,7.2,7.0,6.7,6.6,6.6,6.3,5.8,5.4,5.0,4.9,5.1,,,,,,,,,,,,,,,,,,,,,,,,,,,,,,,,,,,,,,,,,,,,,,,,,,,,,,,,,,,,,,,,,,,,,,,,,,,,,,,,,,,,,,,,,,,,,,,,,,,,,,,,,,,,,,,,,,,,,,,,,,,,,,,,,,,,,,,,,,,,
India,CAIT,Bunker Fuels,All GHG,MtCO₂e,,,20.4,18.5,17.1,16.4,15.8,16.5,15.6,14.7,13.8,13.9,12.3,10.5,9.1,8.0,7.4,7.3,7.2,7.0,6.7,6.6,6.6,6.3,5.8,5.4,5.0,4.9,5.1,,,,,,,,,,,,,,,,,,,,,,,,,,,,,,,,,,,,,,,,,,,,,,,,,,,,,,,,,,,,,,,,,,,,,,,,,,,,,,,,,,,,,,,,,,,,,,,,,,,,,,,,,,,,,,,,,,,,,,,,,,,,,,,,,,,,,,,,,,,,
India,PIK,Waste,N2O,MtCO₂e,,18.15,17.34,16.54,15.7,14.9,13.2,13.2,13.02,12.19,11.32,10.28,9.27,8.25,7.33,6.38,5.54,4.77,3.93,3.7,3.4,3.01,2.71,2.4,2.09,2.05,2.01,1.97,1.89,1.92,1.79,1.75,1.71,1.59,1.64,1.58,1.46,1.45,1.29,1.36,1.36,1.28,1.21,1.18,1.16,1.18,1.15,1.11,1.15,1.06,1.03,0.98,0.94,0.9,0.85,0.81,0.77,0.75,0.72,0.7,0.69,0.68,0.66,0.65,0.64,0.63,0.62,0.61,0.59,0.57,0.54,0.51,0.47,0.43,0.39,0.36,0.33,0.31,0.3,0.3,0.3,0.29,0.29,0.29,0.29,0.28,0.28,0.28,0.28,0.27,0.27,0.27,0.26,0.26,0.26,0.25,0.25,0.24,0.24,0.24,0.23,0.23,0.23,0.22,0.22,0.22,0.21,0.21,0.21,0.2,0.2,0.19,0.19,0.19,0.18,0.18,0.18,0.17,0.17,0.17,0.17,0.17,0.16,0.16,0.16,0.16,0.16,0.16,0.16,0.15,0.15,0.15,0.15,0.15,0.15,0.15,0.15,0.15,0.14,0.14,0.14,0.13,0.12,0.11,0.11,0.1,0.1,0.09,0.09,0.09,0.09,0.09,0.09,0.09,0.09,0.09,0.09,0.09,0.09,0.09,0.09,0.09,0.09,0.08,0.08,0.08,0.08,0.08,0.08
India,PIK,Energy,N2O,MtCO₂e,,17.43,17.02,16.6,16.18,15.76,16.06,15.29,14.51,14.24,13.38,12.81,12.1,11.68,11.62,11.23,11.23,11.35,11.59,10.37,8.76,7.45,6.14,4.77,3.46,3.4,3.34,3.28,3.16,3.1,3.01,2.92,2.83,2.74,2.67,2.6,2.54,2.5,2.44,2.39,2.32,2.29,2.23,2.15,2.11,2.06,2.01,1.95,1.95,1.84,1.78,1.73,1.7,1.68,1.66,1.64,1.62,1.6,1.56,1.5,1.44,1.36,1.28,1.2,1.13,1.05,0.99,0.94,0.9,0.88,0.86,0.83,0.82,0.8,0.79,0.77,0.76,0.74,0.73,0.71,0.69,0.67,0.65,0.63,0.61,0.59,0.58,0.56,0.55,0.55,0.54,0.53,0.53,0.52,0.52,0.51,0.51,0.5,0.5,0.49,0.49,0.48,0.47,0.47,0.46,0.45,0.45,0.44,0.43,0.42,0.41,0.39,0.38,0.36,0.34,0.32,0.31,0.3,0.28,0.27,0.26,0.25,0.24,0.23,0.22,0.22,0.21,0.2,0.19,0.17,0.17,0.17,0.17,0.16,0.16,0.16,0.16,0.16,0.16,0.15,0.15,0.14,0.13,0.13,0.12,0.11,0.1,0.1,0.1,0.1,0.1,0.1,0.1,0.1,0.1,0.1,0.1,0.1,0.1,0.1,0.1,0.1,0.09,0.09,0.09,0.09,0.09,0.09,0.08
India,CAIT,Total excluding LUCF,F-Gas,MtCO₂e,,,16.99,15.4,14.62,13.84,13.06,12.28,11.5,10.89,10.28,9.67,9.06,8.45,8.27,8.1,7.92,7.75,7.57,6.73,5.89,5.04,4.2,3.36,3.02,2.67,2.33,1.98,1.64,,,,,,,,,,,,,,,,,,,,,,,,,,,,,,,,,,,,,,,,,,,,,,,,,,,,,,,,,,,,,,,,,,,,,,,,,,,,,,,,,,,,,,,,,,,,,,,,,,,,,,,,,,,,,,,,,,,,,,,,,,,,,,,,,,,,,,,,,,,,
India,CAIT,Total including LUCF,F-Gas,MtCO₂e,,,16.99,15.4,14.62,13.84,13.06,12.28,11.5,10.89,10.28,9.67,9.06,8.45,8.27,8.1,7.92,7.75,7.57,6.73,5.89,5.04,4.2,3.36,3.02,2.67,2.33,1.98,1.64,,,,,,,,,,,,,,,,,,,,,,,,,,,,,,,,,,,,,,,,,,,,,,,,,,,,,,,,,,,,,,,,,,,,,,,,,,,,,,,,,,,,,,,,,,,,,,,,,,,,,,,,,,,,,,,,,,,,,,,,,,,,,,,,,,,,,,,,,,,,
India,CAIT,Industrial Processes,F-Gas,MtCO₂e,,,16.99,15.4,14.62,13.84,13.06,12.28,11.5,10.89,10.28,9.67,9.06,8.45,8.27,8.1,7.92,7.75,7.57,6.73,5.89,5.04,4.2,3.36,3.02,2.67,2.33,1.98,1.64,,,,,,,,,,,,,,,,,,,,,,,,,,,,,,,,,,,,,,,,,,,,,,,,,,,,,,,,,,,,,,,,,,,,,,,,,,,,,,,,,,,,,,,,,,,,,,,,,,,,,,,,,,,,,,,,,,,,,,,,,,,,,,,,,,,,,,,,,,,,
India,PIK,Other,KYOTOGHG,MtCO₂e,,17.2,16.8,16.3,15.8,15.4,16.0,15.3,14.1,13.5,12.5,11.9,11.3,10.8,10.6,10.2,10.0,9.8,9.77,9.48,9.12,9.03,8.79,8.82,8.33,8.11,8.0,7.73,7.42,7.23,6.98,6.78,6.5,6.24,6.02,5.83,5.64,5.42,5.25,5.06,4.88,4.94,4.85,4.76,4.6,4.37,4.38,4.32,4.32,3.76,3.73,3.7,3.66,3.63,3.6,3.57,3.54,3.51,3.47,3.44,3.41,3.38,3.35,3.32,3.29,3.25,3.22,3.19,3.16,3.13,3.1,3.06,3.03,3.0,2.97,2.94,2.91,2.87,2.84,2.81,2.78,2.75,2.72,2.68,2.65,2.62,2.59,2.56,2.53,2.5,2.46,2.43,2.4,2.37,2.34,2.31,2.27,2.24,2.21,2.18,2.15,2.12,2.08,2.05,2.02,1.99,1.96,1.93,1.9,1.86,1.83,1.8,1.77,1.74,1.71,1.67,1.64,1.61,1.58,1.55,1.52,1.48,1.45,1.42,1.39,1.36,1.33,1.3,1.26,1.23,1.2,1.17,1.14,1.11,1.07,1.04,1.01,0.98,0.95,0.92,0.88,0.85,0.82,0.79,0.76,0.73,0.7,0.66,0.63,0.6,0.57,0.54,0.51,0.47,0.44,0.41,0.38,0.35,0.32,0.28,0.25,0.22,0.19,0.16,0.13,0.09,0.06,0.03,0.0
India,PIK,Other,N2O,MtCO₂e,,17.22,16.78,16.3,15.82,15.35,15.97,15.29,14.13,13.47,12.55,11.86,11.32,10.76,10.58,10.22,10.01,9.8,9.77,9.48,9.12,9.03,8.79,8.82,8.34,8.11,8.02,7.72,7.42,7.24,6.97,6.79,6.5,6.23,6.02,5.84,5.63,5.42,5.24,5.07,4.89,4.95,4.86,4.77,4.59,4.38,4.38,4.32,4.32,3.75,3.73,3.7,3.67,3.64,3.61,3.58,3.55,3.52,3.49,3.46,3.4,3.37,3.34,3.31,3.28,3.25,3.22,3.19,3.16,3.13,3.1,3.07,3.04,3.01,2.97,2.94,2.91,2.88,2.84,2.81,2.78,2.75,2.72,2.68,2.65,2.62,2.59,2.56,2.53,2.49,2.46,2.43,2.4,2.37,2.34,2.31,2.27,2.24,2.21,2.18,2.15,2.12,2.09,2.05,2.02,1.99,1.96,1.93,1.9,1.86,1.83,1.8,1.77,1.74,1.7,1.67,1.64,1.61,1.58,1.55,1.52,1.48,1.45,1.42,1.39,1.36,1.33,1.3,1.26,1.23,1.2,1.17,1.14,1.11,1.07,1.04,1.01,0.98,0.95,0.91,0.89,0.85,0.82,0.79,0.76,0.73,0.69,0.66,0.63,0.6,0.57,0.54,0.51,0.47,0.44,0.41,0.38,0.35,0.32,0.28,0.25,0.22,0.19,0.16,0.13,0.09,0.06,0.03,0.0
India,CAIT,Energy,N2O,MtCO₂e,,,15.62,15.29,15.12,14.95,14.78,14.61,14.44,14.14,13.85,13.56,13.27,12.98,12.69,12.4,12.1,11.81,11.52,10.17,8.81,7.46,6.11,4.75,3.4,3.21,3.01,2.82,2.63,,,,,,,,,,,,,,,,,,,,,,,,,,,,,,,,,,,,,,,,,,,,,,,,,,,,,,,,,,,,,,,,,,,,,,,,,,,,,,,,,,,,,,,,,,,,,,,,,,,,,,,,,,,,,,,,,,,,,,,,,,,,,,,,,,,,,,,,,,,,
India,CAIT,Other Fuel Combustion,N2O,MtCO₂e,,,15.62,15.29,15.12,14.95,14.78,14.61,14.44,14.14,13.85,13.56,13.27,12.98,12.69,12.4,12.1,11.81,11.52,10.17,8.81,7.46,6.11,4.75,3.4,3.21,3.01,2.82,2.63,,,,,,,,,,,,,,,,,,,,,,,,,,,,,,,,,,,,,,,,,,,,,,,,,,,,,,,,,,,,,,,,,,,,,,,,,,,,,,,,,,,,,,,,,,,,,,,,,,,,,,,,,,,,,,,,,,,,,,,,,,,,,,,,,,,,,,,,,,,,
India,CAIT,Waste,N2O,MtCO₂e,,,14.02,13.86,13.69,13.52,13.35,13.18,13.01,12.11,11.2,10.29,9.39,8.48,7.57,6.66,5.76,4.85,3.94,3.63,3.32,3.01,2.7,2.4,2.09,2.04,1.99,1.95,1.9,,,,,,,,,,,,,,,,,,,,,,,,,,,,,,,,,,,,,,,,,,,,,,,,,,,,,,,,,,,,,,,,,,,,,,,,,,,,,,,,,,,,,,,,,,,,,,,,,,,,,,,,,,,,,,,,,,,,,,,,,,,,,,,,,,,,,,,,,,,,
India,PIK,Industrial Processes and Product Use,N2O,MtCO₂e,,7.48,7.33,7.18,7.0,6.85,2.53,2.53,2.53,12.34,10.31,8.88,8.05,7.12,6.17,5.24,4.38,4.05,3.9,3.31,3.37,3.13,2.85,2.83,2.77,2.86,2.23,1.96,1.82,1.89,2.14,2.4,2.68,2.98,3.31,3.58,3.34,4.02,3.43,4.56,3.81,4.05,4.77,4.2,3.4,3.46,1.84,0.22,0.21,1.97,1.84,1.66,1.44,1.19,0.94,0.72,0.53,0.4,0.34,0.33,0.32,0.32,0.32,0.31,0.31,0.3,0.3,0.3,0.29,0.28,0.27,0.26,0.24,0.22,0.21,0.19,0.18,0.16,0.14,0.13,0.11,0.09,0.07,0.05,0.04,0.02,0.01,0.0,0.0,0.0,0.0,0.0,0.0,0.0,0.0,0.0,0.0,0.0,0.0,0.0,0.0,0.0,0.0,0.0,0.0,0.0,0.0,0.0,0.0,0.0,0.0,0.0,0.0,0.0,0.0,0.0,0.0,0.0,0.0,0.0,0.0,0.0,0.0,0.0,0.0,0.0,0.0,0.0,0.0,0.0,0.0,0.0,0.0,0.0,0.0,0.0,0.0,0.0,0.0,0.0,0.0,0.0,0.0,0.0,0.0,0.0,0.0,0.0,0.0,0.0,0.0,0.0,0.0,0.0,0.0,0.0,0.0,0.0,0.0,0.0,0.0,0.0,0.0,0.0,0.0,0.0,0.0,0.0,0.0
India,CAIT,Land-Use Change and Forestry,CH4,MtCO₂e,,,5.62,4.23,6.08,6.54,10.99,6.1,10.55,11.38,3.65,5.65,3.77,3.41,6.09,3.53,0.82,1.47,1.29,2.26,1.09,1.07,1.25,5.62,5.62,5.62,5.62,5.62,5.62,,,,,,,,,,,,,,,,,,,,,,,,,,,,,,,,,,,,,,,,,,,,,,,,,,,,,,,,,,,,,,,,,,,,,,,,,,,,,,,,,,,,,,,,,,,,,,,,,,,,,,,,,,,,,,,,,,,,,,,,,,,,,,,,,,,,,,,,,,,,
India,CAIT,Industrial Processes,N2O,MtCO₂e,,,2.88,2.85,2.77,2.68,2.59,2.5,2.42,2.56,2.7,2.84,2.98,3.12,3.26,3.4,3.53,3.67,3.81,3.63,3.44,3.25,3.06,2.87,2.68,2.63,2.57,2.51,2.45,,,,,,,,,,,,,,,,,,,,,,,,,,,,,,,,,,,,,,,,,,,,,,,,,,,,,,,,,,,,,,,,,,,,,,,,,,,,,,,,,,,,,,,,,,,,,,,,,,,,,,,,,,,,,,,,,,,,,,,,,,,,,,,,,,,,,,,,,,,,
India,CAIT,Land-Use Change and Forestry,N2O,MtCO₂e,,,2.08,1.52,2.28,2.32,4.1,2.16,3.78,4.21,1.33,2.02,1.36,1.24,2.22,1.33,0.3,0.53,0.46,0.81,0.39,0.38,0.44,2.05,2.05,2.05,2.05,2.05,2.05,,,,,,,,,,,,,,,,,,,,,,,,,,,,,,,,,,,,,,,,,,,,,,,,,,,,,,,,,,,,,,,,,,,,,,,,,,,,,,,,,,,,,,,,,,,,,,,,,,,,,,,,,,,,,,,,,,,,,,,,,,,,,,,,,,,,,,,,,,,,
India,GCP,Gas flaring,CO2,MtCO₂e,1.65,1.65,1.65,1.67,1.67,2.12,2.08,2.08,1.87,1.91,2.11,2.42,1.84,1.69,1.9,2.03,2.74,3.22,3.11,3.0,3.31,3.57,3.72,3.29,4.06,3.7,3.57,7.83,9.87,11.0,7.47,6.63,4.96,5.95,5.2,4.32,3.81,3.18,1.17,2.22,1.98,2.09,1.82,2.01,1.73,1.45,1.21,1.42,1.42,1.26,1.37,1.45,0.83,0.75,0.48,0.14,0.04,0.0,0.0,,,,,,,,,,,,,,,,,,,,,,,,,,,,,,,,,,,,,,,,,,,,,,,,,,,,,,,,,,,,,,,,,,,,,,,,,,,,,,,,,,,,,,,,,,,,,,,,,,,,,,,,,,,,,,
India,CAIT,Fugitive Emissions,CO2,MtCO₂e,,,1.48,1.48,1.48,1.53,1.91,1.7,1.81,1.86,1.64,1.64,1.64,1.91,1.97,2.41,1.37,1.37,4.38,4.38,4.38,4.43,4.38,5.31,3.99,4.98,9.74,11.38,10.01,,,,,,,,,,,,,,,,,,,,,,,,,,,,,,,,,,,,,,,,,,,,,,,,,,,,,,,,,,,,,,,,,,,,,,,,,,,,,,,,,,,,,,,,,,,,,,,,,,,,,,,,,,,,,,,,,,,,,,,,,,,,,,,,,,,,,,,,,,,,
India,PIK,Industrial Processes and Product Use,CH4,MtCO₂e,,0.86,0.82,0.78,0.74,0.7,0.61,0.61,0.61,0.57,0.54,0.47,0.42,0.37,0.32,0.28,0.24,0.2,0.16,0.14,0.14,0.12,0.11,0.1,0.07,0.07,0.06,0.06,0.04,0.04,0.03,0.03,0.03,0.03,0.03,0.02,0.03,0.04,0.04,0.06,0.05,0.06,0.06,0.07,0.07,0.08,0.09,0.08,0.09,0.09,0.09,0.09,0.09,0.08,0.08,0.07,0.07,0.07,0.06,0.06,0.06,0.05,0.05,0.05,0.04,0.04,0.04,0.04,0.03,0.03,0.03,0.03,0.03,0.03,0.03,0.03,0.03,0.03,0.03,0.03,0.02,0.02,0.02,0.02,0.02,0.02,0.02,0.02,0.02,0.02,0.02,0.02,0.02,0.01,0.01,0.01,0.01,0.01,0.01,0.01,0.01,0.01,0.01,0.01,0.01,0.01,0.01,0.01,0.01,0.01,0.01,0.01,0.01,0.01,0.01,0.01,0.01,0.01,0.01,0.0,0.0,0.0,0.0,0.0,0.0,0.0,0.0,0.0,0.0,0.0,0.0,0.0,0.0,0.0,0.0,0.0,0.0,0.0,0.0,0.0,0.0,0.0,0.0,0.0,0.0,0.0,0.0,0.0,0.0,0.0,0.0,0.0,0.0,0.0,0.0,0.0,0.0,0.0,0.0,0.0,0.0,0.0,0.0,0.0,0.0,0.0,0.0,0.0,0.0
India,CAIT,Industrial Processes,CH4,MtCO₂e,,,0.13,0.13,0.13,0.13,0.13,0.13,0.13,0.13,0.13,0.13,0.13,0.13,0.13,0.13,0.13,0.13,0.13,0.12,0.11,0.09,0.08,0.06,0.05,0.0,0.0,0.0,0.0,,,,,,,,,,,,,,,,,,,,,,,,,,,,,,,,,,,,,,,,,,,,,,,,,,,,,,,,,,,,,,,,,,,,,,,,,,,,,,,,,,,,,,,,,,,,,,,,,,,,,,,,,,,,,,,,,,,,,,,,,,,,,,,,,,,,,,,,,,,,
India,PIK,Other,CO2,MtCO₂e,,0.0,0.0,0.0,0.0,0.0,0.0,0.0,0.0,0.0,0.0,0.0,0.0,0.0,0.0,0.0,0.0,0.0,0.0,0.0,0.0,0.0,0.0,0.0,0.0,0.0,0.0,0.0,0.0,0.0,0.0,0.0,0.0,0.0,0.0,0.0,0.0,0.0,0.0,0.0,0.0,0.0,0.0,0.0,0.0,0.0,0.0,0.0,0.0,0.0,0.0,0.0,0.0,0.0,0.0,0.0,0.0,0.0,0.0,0.0,0.0,0.0,0.0,0.0,0.0,0.0,0.0,0.0,0.0,0.0,0.0,0.0,0.0,0.0,0.0,0.0,0.0,0.0,0.0,0.0,0.0,0.0,0.0,0.0,0.0,0.0,0.0,0.0,0.0,0.0,0.0,0.0,0.0,0.0,0.0,0.0,0.0,0.0,0.0,0.0,0.0,0.0,0.0,0.0,0.0,0.0,0.0,0.0,0.0,0.0,0.0,0.0,0.0,0.0,0.0,0.0,0.0,0.0,0.0,0.0,0.0,0.0,0.0,0.0,0.0,0.0,0.0,0.0,0.0,0.0,0.0,0.0,0.0,0.0,0.0,0.0,0.0,0.0,0.0,0.0,0.0,0.0,0.0,0.0,0.0,0.0,0.0,0.0,0.0,0.0,0.0,0.0,0.0,0.0,0.0,0.0,0.0,0.0,0.0,0.0,0.0,0.0,0.0,0.0,0.0,0.0,0.0,0.0,0.0
India,CAIT,Fugitive Emissions,N2O,MtCO₂e,,,0.0,0.0,0.0,0.0,0.0,0.0,0.0,0.0,0.0,0.0,0.0,0.0,0.0,0.0,0.0,0.0,0.0,0.0,0.0,0.0,0.0,0.0,0.0,0.0,0.0,0.0,0.0,,,,,,,,,,,,,,,,,,,,,,,,,,,,,,,,,,,,,,,,,,,,,,,,,,,,,,,,,,,,,,,,,,,,,,,,,,,,,,,,,,,,,,,,,,,,,,,,,,,,,,,,,,,,,,,,,,,,,,,,,,,,,,,,,,,,,,,,,,,,
India,PIK,Other,CH4,MtCO₂e,,0.0,0.0,0.0,0.0,0.0,0.0,0.0,0.0,0.0,0.0,0.0,0.0,0.0,0.0,0.0,0.0,0.0,0.0,0.0,0.0,0.0,0.0,0.0,0.0,0.0,0.0,0.0,0.0,0.0,0.0,0.0,0.0,0.0,0.0,0.0,0.0,0.0,0.0,0.0,0.0,0.0,0.0,0.0,0.0,0.0,0.0,0.0,0.0,0.0,0.0,0.0,0.0,0.0,0.0,0.0,0.0,0.0,0.0,0.0,0.0,0.0,0.0,0.0,0.0,0.0,0.0,0.0,0.0,0.0,0.0,0.0,0.0,0.0,0.0,0.0,0.0,0.0,0.0,0.0,0.0,0.0,0.0,0.0,0.0,0.0,0.0,0.0,0.0,0.0,0.0,0.0,0.0,0.0,0.0,0.0,0.0,0.0,0.0,0.0,0.0,0.0,0.0,0.0,0.0,0.0,0.0,0.0,0.0,0.0,0.0,0.0,0.0,0.0,0.0,0.0,0.0,0.0,0.0,0.0,0.0,0.0,0.0,0.0,0.0,0.0,0.0,0.0,0.0,0.0,0.0,0.0,0.0,0.0,0.0,0.0,0.0,0.0,0.0,0.0,0.0,0.0,0.0,0.0,0.0,0.0,0.0,0.0,0.0,0.0,0.0,0.0,0.0,0.0,0.0,0.0,0.0,0.0,0.0,0.0,0.0,0.0,0.0,0.0,0.0,0.0,0.0,0.0,0.0
India,UNFCCC_NAI,Total GHG emissions including LULUCF/LUCF,CO₂,MtCO₂e,,,,,,,,,1318.04,,,,,,,,,,788.52,,,,,,793.49,,,,,,,,,,,,,,,,,,,,,,,,,,,,,,,,,,,,,,,,,,,,,,,,,,,,,,,,,,,,,,,,,,,,,,,,,,,,,,,,,,,,,,,,,,,,,,,,,,,,,,,,,,,,,,,,,,,,,,,,,,,,,,,,,,,,,,,,,,,,,,,,
India,UNFCCC_NAI,Energy,Aggregate F-gases,MtCO₂e,,,,,,,,,,,,,,,,,,,,,,,,,,,,,,,,,,,,,,,,,,,,,,,,,,,,,,,,,,,,,,,,,,,,,,,,,,,,,,,,,,,,,,,,,,,,,,,,,,,,,,,,,,,,,,,,,,,,,,,,,,,,,,,,,,,,,,,,,,,,,,,,,,,,,,,,,,,,,,,,,,,,,,,,,
India,UNFCCC_NAI,Total GHG emissions excluding LULUCF/LUCF,Aggregate F-gases,MtCO₂e,,,,,,,,,0.04,,,,,,,,,,11.95,,,,,,,,,,,,,,,,,,,,,,,,,,,,,,,,,,,,,,,,,,,,,,,,,,,,,,,,,,,,,,,,,,,,,,,,,,,,,,,,,,,,,,,,,,,,,,,,,,,,,,,,,,,,,,,,,,,,,,,,,,,,,,,,,,,,,,,,,,,,,,,,,,,,,,
India,UNFCCC_NAI,Energy,N₂O,MtCO₂e,,,,,,,,,15.02,,,,,,,,,,11.98,,,,,,3.53,,,,,,,,,,,,,,,,,,,,,,,,,,,,,,,,,,,,,,,,,,,,,,,,,,,,,,,,,,,,,,,,,,,,,,,,,,,,,,,,,,,,,,,,,,,,,,,,,,,,,,,,,,,,,,,,,,,,,,,,,,,,,,,,,,,,,,,,,,,,,,,,
India,UNFCCC_NAI,Energy,CO₂,MtCO₂e,,,,,,,,,1441.88,,,,,,,,,,952.21,,,,,,679.47,,,,,,,,,,,,,,,,,,,,,,,,,,,,,,,,,,,,,,,,,,,,,,,,,,,,,,,,,,,,,,,,,,,,,,,,,,,,,,,,,,,,,,,,,,,,,,,,,,,,,,,,,,,,,,,,,,,,,,,,,,,,,,,,,,,,,,,,,,,,,,,,
India,UNFCCC_NAI,Land-Use Change and Forestry,N₂O,MtCO₂e,,,,,,,,,0.58,,,,,,,,,,2.09,,,,,,0.01,,,,,,,,,,,,,,,,,,,,,,,,,,,,,,,,,,,,,,,,,,,,,,,,,,,,,,,,,,,,,,,,,,,,,,,,,,,,,,,,,,,,,,,,,,,,,,,,,,,,,,,,,,,,,,,,,,,,,,,,,,,,,,,,,,,,,,,,,,,,,,,,
India,UNFCCC_NAI,Other,Aggregate F-gases,MtCO₂e,,,,,,,,,,,,,,,,,,,,,,,,,,,,,,,,,,,,,,,,,,,,,,,,,,,,,,,,,,,,,,,,,,,,,,,,,,,,,,,,,,,,,,,,,,,,,,,,,,,,,,,,,,,,,,,,,,,,,,,,,,,,,,,,,,,,,,,,,,,,,,,,,,,,,,,,,,,,,,,,,,,,,,,,,
India,UNFCCC_NAI,Other,CO₂,MtCO₂e,,,,,,,,,,,,,,,,,,,,,,,,,,,,,,,,,,,,,,,,,,,,,,,,,,,,,,,,,,,,,,,,,,,,,,,,,,,,,,,,,,,,,,,,,,,,,,,,,,,,,,,,,,,,,,,,,,,,,,,,,,,,,,,,,,,,,,,,,,,,,,,,,,,,,,,,,,,,,,,,,,,,,,,,,
India,UNFCCC_NAI,Solvent and Other Product Use,Aggregate GHGs,MtCO₂e,,,,,,,,,,,,,,,,,,,,,,,,,,,,,,,,,,,,,,,,,,,,,,,,,,,,,,,,,,,,,,,,,,,,,,,,,,,,,,,,,,,,,,,,,,,,,,,,,,,,,,,,,,,,,,,,,,,,,,,,,,,,,,,,,,,,,,,,,,,,,,,,,,,,,,,,,,,,,,,,,,,,,,,,,
India,UNFCCC_NAI,Waste,Aggregate F-gases,MtCO₂e,,,,,,,,,,,,,,,,,,,,,,,,,,,,,,,,,,,,,,,,,,,,,,,,,,,,,,,,,,,,,,,,,,,,,,,,,,,,,,,,,,,,,,,,,,,,,,,,,,,,,,,,,,,,,,,,,,,,,,,,,,,,,,,,,,,,,,,,,,,,,,,,,,,,,,,,,,,,,,,,,,,,,,,,,
India,UNFCCC_NAI,Waste,N₂O,MtCO₂e,,,,,,,,,13.54,,,,,,,,,,4.1,,,,,,2.17,,,,,,,,,,,,,,,,,,,,,,,,,,,,,,,,,,,,,,,,,,,,,,,,,,,,,,,,,,,,,,,,,,,,,,,,,,,,,,,,,,,,,,,,,,,,,,,,,,,,,,,,,,,,,,,,,,,,,,,,,,,,,,,,,,,,,,,,,,,,,,,,
India,UNFCCC_NAI,Industrial Processes,N₂O,MtCO₂e,,,,,,,,,2.51,,,,,,,,,,3.97,,,,,,2.79,,,,,,,,,,,,,,,,,,,,,,,,,,,,,,,,,,,,,,,,,,,,,,,,,,,,,,,,,,,,,,,,,,,,,,,,,,,,,,,,,,,,,,,,,,,,,,,,,,,,,,,,,,,,,,,,,,,,,,,,,,,,,,,,,,,,,,,,,,,,,,,,
India,UNFCCC_NAI,Land-Use Change and Forestry,Aggregate F-gases,MtCO₂e,,,,,,,,,,,,,,,,,,,,,,,,,,,,,,,,,,,,,,,,,,,,,,,,,,,,,,,,,,,,,,,,,,,,,,,,,,,,,,,,,,,,,,,,,,,,,,,,,,,,,,,,,,,,,,,,,,,,,,,,,,,,,,,,,,,,,,,,,,,,,,,,,,,,,,,,,,,,,,,,,,,,,,,,,
India,UNFCCC_NAI,Solvent and Other Product Use,CH₄,MtCO₂e,,,,,,,,,,,,,,,,,,,,,,,,,,,,,,,,,,,,,,,,,,,,,,,,,,,,,,,,,,,,,,,,,,,,,,,,,,,,,,,,,,,,,,,,,,,,,,,,,,,,,,,,,,,,,,,,,,,,,,,,,,,,,,,,,,,,,,,,,,,,,,,,,,,,,,,,,,,,,,,,,,,,,,,,,
India,UNFCCC_NAI,Solvent and Other Product Use,Aggregate F-gases,MtCO₂e,,,,,,,,,,,,,,,,,,,,,,,,,,,,,,,,,,,,,,,,,,,,,,,,,,,,,,,,,,,,,,,,,,,,,,,,,,,,,,,,,,,,,,,,,,,,,,,,,,,,,,,,,,,,,,,,,,,,,,,,,,,,,,,,,,,,,,,,,,,,,,,,,,,,,,,,,,,,,,,,,,,,,,,,,
India,UNFCCC_NAI,Other,N₂O,MtCO₂e,,,,,,,,,,,,,,,,,,,,,,,,,,,,,,,,,,,,,,,,,,,,,,,,,,,,,,,,,,,,,,,,,,,,,,,,,,,,,,,,,,,,,,,,,,,,,,,,,,,,,,,,,,,,,,,,,,,,,,,,,,,,,,,,,,,,,,,,,,,,,,,,,,,,,,,,,,,,,,,,,,,,,,,,,
India,UNFCCC_NAI,Industrial Processes,Aggregate F-gases,MtCO₂e,,,,,,,,,0.04,,,,,,,,,,11.95,,,,,,,,,,,,,,,,,,,,,,,,,,,,,,,,,,,,,,,,,,,,,,,,,,,,,,,,,,,,,,,,,,,,,,,,,,,,,,,,,,,,,,,,,,,,,,,,,,,,,,,,,,,,,,,,,,,,,,,,,,,,,,,,,,,,,,,,,,,,,,,,,,,,,,
India,UNFCCC_NAI,Agriculture,CO₂,MtCO₂e,,,,,,,,,,,,,,,,,,,,,,,,,,,,,,,,,,,,,,,,,,,,,,,,,,,,,,,,,,,,,,,,,,,,,,,,,,,,,,,,,,,,,,,,,,,,,,,,,,,,,,,,,,,,,,,,,,,,,,,,,,,,,,,,,,,,,,,,,,,,,,,,,,,,,,,,,,,,,,,,,,,,,,,,,
India,UNFCCC_NAI,Total GHG emissions excluding LULUCF/LUCF,CH₄,MtCO₂e,,,,,,,,,412.09,,,,,,,,,,407.24,,,,,,379.6,,,,,,,,,,,,,,,,,,,,,,,,,,,,,,,,,,,,,,,,,,,,,,,,,,,,,,,,,,,,,,,,,,,,,,,,,,,,,,,,,,,,,,,,,,,,,,,,,,,,,,,,,,,,,,,,,,,,,,,,,,,,,,,,,,,,,,,,,,,,,,,,
India,UNFCCC_NAI,Land-Use Change and Forestry,Aggregate GHGs,MtCO₂e,,,,,,,,,-252.53,,,,,,,,,,-222.56,,,,,,14.29,,,,,,,,,,,,,,,,,,,,,,,,,,,,,,,,,,,,,,,,,,,,,,,,,,,,,,,,,,,,,,,,,,,,,,,,,,,,,,,,,,,,,,,,,,,,,,,,,,,,,,,,,,,,,,,,,,,,,,,,,,,,,,,,,,,,,,,,,,,,,,,,
India,UNFCCC_NAI,Industrial Processes,CH₄,MtCO₂e,,,,,,,,,0.48,,,,,,,,,,0.11,,,,,,0.04,,,,,,,,,,,,,,,,,,,,,,,,,,,,,,,,,,,,,,,,,,,,,,,,,,,,,,,,,,,,,,,,,,,,,,,,,,,,,,,,,,,,,,,,,,,,,,,,,,,,,,,,,,,,,,,,,,,,,,,,,,,,,,,,,,,,,,,,,,,,,,,,
India,UNFCCC_NAI,Energy,Aggregate GHGs,MtCO₂e,,,,,,,,,1510.12,,,,,,,,,,1027.02,,,,,,743.82,,,,,,,,,,,,,,,,,,,,,,,,,,,,,,,,,,,,,,,,,,,,,,,,,,,,,,,,,,,,,,,,,,,,,,,,,,,,,,,,,,,,,,,,,,,,,,,,,,,,,,,,,,,,,,,,,,,,,,,,,,,,,,,,,,,,,,,,,,,,,,,,
India,UNFCCC_NAI,Agriculture,Aggregate F-gases,MtCO₂e,,,,,,,,,,,,,,,,,,,,,,,,,,,,,,,,,,,,,,,,,,,,,,,,,,,,,,,,,,,,,,,,,,,,,,,,,,,,,,,,,,,,,,,,,,,,,,,,,,,,,,,,,,,,,,,,,,,,,,,,,,,,,,,,,,,,,,,,,,,,,,,,,,,,,,,,,,,,,,,,,,,,,,,,,
India,UNFCCC_NAI,Total GHG emissions including LULUCF/LUCF,Aggregate GHGs,MtCO₂e,,,,,,,,,1848.32,,,,,,,,,,1301.2,,,,,,1228.54,,,,,,,,,,,,,,,,,,,,,,,,,,,,,,,,,,,,,,,,,,,,,,,,,,,,,,,,,,,,,,,,,,,,,,,,,,,,,,,,,,,,,,,,,,,,,,,,,,,,,,,,,,,,,,,,,,,,,,,,,,,,,,,,,,,,,,,,,,,,,,,,
India,UNFCCC_NAI,Land-Use Change and Forestry,CO₂,MtCO₂e,,,,,,,,,-256.33,,,,,,,,,,-236.26,,,,,,14.14,,,,,,,,,,,,,,,,,,,,,,,,,,,,,,,,,,,,,,,,,,,,,,,,,,,,,,,,,,,,,,,,,,,,,,,,,,,,,,,,,,,,,,,,,,,,,,,,,,,,,,,,,,,,,,,,,,,,,,,,,,,,,,,,,,,,,,,,,,,,,,,,
India,UNFCCC_NAI,Solvent and Other Product Use,CO₂,MtCO₂e,,,,,,,,,,,,,,,,,,,,,,,,,,,,,,,,,,,,,,,,,,,,,,,,,,,,,,,,,,,,,,,,,,,,,,,,,,,,,,,,,,,,,,,,,,,,,,,,,,,,,,,,,,,,,,,,,,,,,,,,,,,,,,,,,,,,,,,,,,,,,,,,,,,,,,,,,,,,,,,,,,,,,,,,,
India,UNFCCC_NAI,Total GHG emissions excluding LULUCF/LUCF,CO₂,MtCO₂e,,,,,,,,,1574.36,,,,,,,,,,1024.77,,,,,,779.35,,,,,,,,,,,,,,,,,,,,,,,,,,,,,,,,,,,,,,,,,,,,,,,,,,,,,,,,,,,,,,,,,,,,,,,,,,,,,,,,,,,,,,,,,,,,,,,,,,,,,,,,,,,,,,,,,,,,,,,,,,,,,,,,,,,,,,,,,,,,,,,,
India,UNFCCC_NAI,Total GHG emissions excluding LULUCF/LUCF,N₂O,MtCO₂e,,,,,,,,,114.37,,,,,,,,,,79.8,,,,,,55.3,,,,,,,,,,,,,,,,,,,,,,,,,,,,,,,,,,,,,,,,,,,,,,,,,,,,,,,,,,,,,,,,,,,,,,,,,,,,,,,,,,,,,,,,,,,,,,,,,,,,,,,,,,,,,,,,,,,,,,,,,,,,,,,,,,,,,,,,,,,,,,,,
India,UNFCCC_NAI,Waste,CO₂,MtCO₂e,,,,,,,,,,,,,,,,,,,,,,,,,,,,,,,,,,,,,,,,,,,,,,,,,,,,,,,,,,,,,,,,,,,,,,,,,,,,,,,,,,,,,,,,,,,,,,,,,,,,,,,,,,,,,,,,,,,,,,,,,,,,,,,,,,,,,,,,,,,,,,,,,,,,,,,,,,,,,,,,,,,,,,,,,
India,UNFCCC_NAI,Industrial Processes,Aggregate GHGs,MtCO₂e,,,,,,,,,135.51,,,,,,,,,,88.6,,,,,,102.71,,,,,,,,,,,,,,,,,,,,,,,,,,,,,,,,,,,,,,,,,,,,,,,,,,,,,,,,,,,,,,,,,,,,,,,,,,,,,,,,,,,,,,,,,,,,,,,,,,,,,,,,,,,,,,,,,,,,,,,,,,,,,,,,,,,,,,,,,,,,,,,,
India,UNFCCC_NAI,Total GHG emissions including LULUCF/LUCF,Aggregate F-gases,MtCO₂e,,,,,,,,,0.04,,,,,,,,,,11.95,,,,,,,,,,,,,,,,,,,,,,,,,,,,,,,,,,,,,,,,,,,,,,,,,,,,,,,,,,,,,,,,,,,,,,,,,,,,,,,,,,,,,,,,,,,,,,,,,,,,,,,,,,,,,,,,,,,,,,,,,,,,,,,,,,,,,,,,,,,,,,,,,,,,,,
India,UNFCCC_NAI,Total GHG emissions excluding LULUCF/LUCF,Aggregate GHGs,MtCO₂e,,,,,,,,,2100.85,,,,,,,,,,1523.77,,,,,,1214.25,,,,,,,,,,,,,,,,,,,,,,,,,,,,,,,,,,,,,,,,,,,,,,,,,,,,,,,,,,,,,,,,,,,,,,,,,,,,,,,,,,,,,,,,,,,,,,,,,,,,,,,,,,,,,,,,,,,,,,,,,,,,,,,,,,,,,,,,,,,,,,,,
India,UNFCCC_NAI,Total GHG emissions including LULUCF/LUCF,CH₄,MtCO₂e,,,,,,,,,415.3,,,,,,,,,,418.84,,,,,,379.73,,,,,,,,,,,,,,,,,,,,,,,,,,,,,,,,,,,,,,,,,,,,,,,,,,,,,,,,,,,,,,,,,,,,,,,,,,,,,,,,,,,,,,,,,,,,,,,,,,,,,,,,,,,,,,,,,,,,,,,,,,,,,,,,,,,,,,,,,,,,,,,,
India,UNFCCC_NAI,Agriculture,Aggregate GHGs,MtCO₂e,,,,,,,,,390.17,,,,,,,,,,355.6,,,,,,344.49,,,,,,,,,,,,,,,,,,,,,,,,,,,,,,,,,,,,,,,,,,,,,,,,,,,,,,,,,,,,,,,,,,,,,,,,,,,,,,,,,,,,,,,,,,,,,,,,,,,,,,,,,,,,,,,,,,,,,,,,,,,,,,,,,,,,,,,,,,,,,,,,
India,UNFCCC_NAI,Agriculture,N₂O,MtCO₂e,,,,,,,,,83.3,,,,,,,,,,59.75,,,,,,46.81,,,,,,,,,,,,,,,,,,,,,,,,,,,,,,,,,,,,,,,,,,,,,,,,,,,,,,,,,,,,,,,,,,,,,,,,,,,,,,,,,,,,,,,,,,,,,,,,,,,,,,,,,,,,,,,,,,,,,,,,,,,,,,,,,,,,,,,,,,,,,,,,
India,UNFCCC_NAI,Total GHG emissions including LULUCF/LUCF,N₂O,MtCO₂e,,,,,,,,,114.94,,,,,,,,,,81.89,,,,,,55.32,,,,,,,,,,,,,,,,,,,,,,,,,,,,,,,,,,,,,,,,,,,,,,,,,,,,,,,,,,,,,,,,,,,,,,,,,,,,,,,,,,,,,,,,,,,,,,,,,,,,,,,,,,,,,,,,,,,,,,,,,,,,,,,,,,,,,,,,,,,,,,,,
India,UNFCCC_NAI,Industrial Processes,CO₂,MtCO₂e,,,,,,,,,132.48,,,,,,,,,,72.56,,,,,,99.88,,,,,,,,,,,,,,,,,,,,,,,,,,,,,,,,,,,,,,,,,,,,,,,,,,,,,,,,,,,,,,,,,,,,,,,,,,,,,,,,,,,,,,,,,,,,,,,,,,,,,,,,,,,,,,,,,,,,,,,,,,,,,,,,,,,,,,,,,,,,,,,,
India,UNFCCC_NAI,Agriculture,CH₄,MtCO₂e,,,,,,,,,306.87,,,,,,,,,,295.85,,,,,,297.68,,,,,,,,,,,,,,,,,,,,,,,,,,,,,,,,,,,,,,,,,,,,,,,,,,,,,,,,,,,,,,,,,,,,,,,,,,,,,,,,,,,,,,,,,,,,,,,,,,,,,,,,,,,,,,,,,,,,,,,,,,,,,,,,,,,,,,,,,,,,,,,,
India,UNFCCC_NAI,Waste,Aggregate GHGs,MtCO₂e,,,,,,,,,65.05,,,,,,,,,,52.55,,,,,,23.23,,,,,,,,,,,,,,,,,,,,,,,,,,,,,,,,,,,,,,,,,,,,,,,,,,,,,,,,,,,,,,,,,,,,,,,,,,,,,,,,,,,,,,,,,,,,,,,,,,,,,,,,,,,,,,,,,,,,,,,,,,,,,,,,,,,,,,,,,,,,,,,,
India,UNFCCC_NAI,Land-Use Change and Forestry,CH₄,MtCO₂e,,,,,,,,,3.21,,,,,,,,,,11.6,,,,,,0.14,,,,,,,,,,,,,,,,,,,,,,,,,,,,,,,,,,,,,,,,,,,,,,,,,,,,,,,,,,,,,,,,,,,,,,,,,,,,,,,,,,,,,,,,,,,,,,,,,,,,,,,,,,,,,,,,,,,,,,,,,,,,,,,,,,,,,,,,,,,,,,,,
India,UNFCCC_NAI,Other,Aggregate GHGs,MtCO₂e,,,,,,,,,,,,,,,,,,,,,,,,,,,,,,,,,,,,,,,,,,,,,,,,,,,,,,,,,,,,,,,,,,,,,,,,,,,,,,,,,,,,,,,,,,,,,,,,,,,,,,,,,,,,,,,,,,,,,,,,,,,,,,,,,,,,,,,,,,,,,,,,,,,,,,,,,,,,,,,,,,,,,,,,,
India,UNFCCC_NAI,Waste,CH₄,MtCO₂e,,,,,,,,,51.52,,,,,,,,,,48.45,,,,,,21.06,,,,,,,,,,,,,,,,,,,,,,,,,,,,,,,,,,,,,,,,,,,,,,,,,,,,,,,,,,,,,,,,,,,,,,,,,,,,,,,,,,,,,,,,,,,,,,,,,,,,,,,,,,,,,,,,,,,,,,,,,,,,,,,,,,,,,,,,,,,,,,,,
India,UNFCCC_NAI,Energy,CH₄,MtCO₂e,,,,,,,,,53.22,,,,,,,,,,62.82,,,,,,60.82,,,,,,,,,,,,,,,,,,,,,,,,,,,,,,,,,,,,,,,,,,,,,,,,,,,,,,,,,,,,,,,,,,,,,,,,,,,,,,,,,,,,,,,,,,,,,,,,,,,,,,,,,,,,,,,,,,,,,,,,,,,,,,,,,,,,,,,,,,,,,,,,
India,UNFCCC_NAI,Other,CH₄,MtCO₂e,,,,,,,,,,,,,,,,,,,,,,,,,,,,,,,,,,,,,,,,,,,,,,,,,,,,,,,,,,,,,,,,,,,,,,,,,,,,,,,,,,,,,,,,,,,,,,,,,,,,,,,,,,,,,,,,,,,,,,,,,,,,,,,,,,,,,,,,,,,,,,,,,,,,,,,,,,,,,,,,,,,,,,,,,
India,UNFCCC_NAI,Solvent and Other Product Use,N₂O,MtCO₂e,,,,,,,,,,,,,,,,,,,,,,,,,,,,,,,,,,,,,,,,,,,,,,,,,,,,,,,,,,,,,,,,,,,,,,,,,,,,,,,,,,,,,,,,,,,,,,,,,,,,,,,,,,,,,,,,,,,,,,,,,,,,,,,,,,,,,,,,,,,,,,,,,,,,,,,,,,,,,,,,,,,,,,,,,
